"Descrição","Valor","Encargos","Lançamento","Vencimento","Efetivação","Recorrência","Parcela","Parcelas","Categoria","Subcategoria","Cartão","Conta","Observações"
"Gympass","69.90","0.00","08/06/2026 23:49","28/12/2026","-","Fixa mensal","0","0","Saúde","Academia","NuBank","Nubank",""
"Gympass Isa","69.90","0.00","05/05/2026 19:28","28/12/2026","-","Fixa mensal","0","0","Saúde","Academia","NuBank","Nubank",""
"Prev. Comida","600.00","0.00","02/12/2024 13:56","27/12/2026","-","Fixa mensal","0","0","Alimentação","Outros","-","Nubank",""
"Prev. Gasolina","300.00","0.00","27/11/2024 13:54","27/12/2026","-","Fixa mensal","0","0","Carro","Combustível","-","Nubank",""
"Coisas Futura","21.00","0.00","25/03/2026 14:24","25/12/2026","-","Fixa mensal","0","0","Alimentação","Sobremesa","-","Nubank",""
"Financiamento Fiesta  15/48","931.48","0.00","18/11/2025 20:19","25/12/2026","-","Parcelada (mensal)","15","48","Carro","Financiamento","-","Nubank",""
"Prev. mercado","1100.00","0.00","20/05/2025 00:09","24/12/2026","-","Fixa mensal","0","0","Mercado","Outros","-","Pluxee",""
"Internet","119.99","0.00","25/11/2024 18:18","21/12/2026","-","Fixa mensal","0","0","Moradia","Fixas","-","Nubank",""
"IPTU","55.61","0.00","10/06/2024 20:46","20/12/2026","-","Fixa mensal","0","0","Moradia","Fixas","-","Nubank",""
"Tim","52.18","0.00","16/08/2024 18:24","16/12/2026","-","Fixa mensal","0","0","Serviços","Internet","-","Nubank",""
"Nível 6 ML","19.90","0.00","04/09/2023 21:46","12/12/2026","-","Fixa mensal","0","0","Serviços","Assinaturas","Mercado Pagos","Nubank",""
"S24 Ultra  9/18","233.83","0.00","23/03/2026 13:32","12/12/2026","-","Parcelada (mensal)","9","18","Tecnologia","Celular","Mercado Pagos","Nubank",""
"Pagamento pais  7/12","416.66","0.00","09/05/2026 23:07","11/12/2026","-","Parcelada (mensal)","7","12","Entrada AP","Outros","Santander","Nubank",""
"App Finanças","13.90","0.00","02/09/2025 22:12","10/12/2026","-","Fixa mensal","0","0","Serviços","Assinaturas","Santander","Nubank",""
"Condomínio","351.01","0.00","10/06/2024 20:42","10/12/2026","-","Fixa mensal","0","0","Moradia","Fixas","-","Nubank",""
"Financiamento AP","719.00","0.00","10/02/2025 23:53","10/12/2026","-","Fixa mensal","0","0","Moradia","Financiamento","-","Nubank",""
"Luz","167.98","0.00","10/06/2024 20:44","10/12/2026","-","Fixa mensal","0","0","Moradia","Fixas","-","Nubank",""
"YouTube Premmium","26.90","0.00","20/06/2025 23:45","10/12/2026","-","Fixa mensal","0","0","Serviços","Assinaturas","Santander","Nubank",""
"Cartão Isa","111.27","0.00","07/11/2024 23:24","08/12/2026","-","Fixa mensal","0","0","Cartão Isa","Outros","-","Nubank",""
"Prev. Dízimo","470.00","0.00","02/12/2024 13:58","02/12/2026","-","Fixa mensal","0","0","Igreja","Dízimo","-","Nubank",""
"Gympass","69.90","0.00","08/06/2026 23:49","28/11/2026","-","Fixa mensal","0","0","Saúde","Academia","NuBank","Nubank",""
"Gympass Isa","69.90","0.00","05/05/2026 19:28","28/11/2026","-","Fixa mensal","0","0","Saúde","Academia","NuBank","Nubank",""
"Prev. Comida","600.00","0.00","02/12/2024 13:56","27/11/2026","-","Fixa mensal","0","0","Alimentação","Outros","-","Nubank",""
"Prev. Gasolina","300.00","0.00","27/11/2024 13:54","27/11/2026","-","Fixa mensal","0","0","Carro","Combustível","-","Nubank",""
"Coisas Futura","21.00","0.00","25/03/2026 14:24","25/11/2026","-","Fixa mensal","0","0","Alimentação","Sobremesa","-","Nubank",""
"Financiamento Fiesta  14/48","931.48","0.00","18/11/2025 20:19","25/11/2026","-","Parcelada (mensal)","14","48","Carro","Financiamento","-","Nubank",""
"Prev. mercado","1100.00","0.00","20/05/2025 00:09","24/11/2026","-","Fixa mensal","0","0","Mercado","Outros","-","Pluxee",""
"Internet","119.99","0.00","25/11/2024 18:18","21/11/2026","-","Fixa mensal","0","0","Moradia","Fixas","-","Nubank",""
"IPTU","55.61","0.00","10/06/2024 20:46","20/11/2026","-","Fixa mensal","0","0","Moradia","Fixas","-","Nubank",""
"Tim","52.18","0.00","16/08/2024 18:24","16/11/2026","-","Fixa mensal","0","0","Serviços","Internet","-","Nubank",""
"Carregador Isa  7/7","23.86","0.00","12/04/2026 19:16","12/11/2026","-","Parcelada (mensal)","7","7","Tecnologia","Celular","Mercado Pagos","Nubank",""
"Nível 6 ML","19.90","0.00","04/09/2023 21:46","12/11/2026","-","Fixa mensal","0","0","Serviços","Assinaturas","Mercado Pagos","Nubank",""
"S24 Ultra  8/18","233.83","0.00","23/03/2026 13:32","12/11/2026","-","Parcelada (mensal)","8","18","Tecnologia","Celular","Mercado Pagos","Nubank",""
"Pagamento pais  6/12","416.66","0.00","09/05/2026 23:07","11/11/2026","-","Parcelada (mensal)","6","12","Entrada AP","Outros","Santander","Nubank",""
"App Finanças","13.90","0.00","02/09/2025 22:12","10/11/2026","-","Fixa mensal","0","0","Serviços","Assinaturas","Santander","Nubank",""
"Condomínio","351.01","0.00","10/06/2024 20:42","10/11/2026","-","Fixa mensal","0","0","Moradia","Fixas","-","Nubank",""
"Financiamento AP","719.00","0.00","10/02/2025 23:53","10/11/2026","-","Fixa mensal","0","0","Moradia","Financiamento","-","Nubank",""
"Luz","167.98","0.00","10/06/2024 20:44","10/11/2026","-","Fixa mensal","0","0","Moradia","Fixas","-","Nubank",""
"YouTube Premmium","26.90","0.00","20/06/2025 23:45","10/11/2026","-","Fixa mensal","0","0","Serviços","Assinaturas","Santander","Nubank",""
"Cartão Isa","111.27","0.00","07/11/2024 23:24","08/11/2026","-","Fixa mensal","0","0","Cartão Isa","Outros","-","Nubank",""
"Prev. Dízimo","470.00","0.00","02/12/2024 13:58","02/11/2026","-","Fixa mensal","0","0","Igreja","Dízimo","-","Nubank",""
"Gympass","69.90","0.00","08/06/2026 23:49","28/10/2026","-","Fixa mensal","0","0","Saúde","Academia","NuBank","Nubank",""
"Gympass Isa","69.90","0.00","05/05/2026 19:28","28/10/2026","-","Fixa mensal","0","0","Saúde","Academia","NuBank","Nubank",""
"Prev. Comida","600.00","0.00","02/12/2024 13:56","27/10/2026","-","Fixa mensal","0","0","Alimentação","Outros","-","Nubank",""
"Prev. Gasolina","300.00","0.00","27/11/2024 13:54","27/10/2026","-","Fixa mensal","0","0","Carro","Combustível","-","Nubank",""
"Coisas Futura","21.00","0.00","25/03/2026 14:24","25/10/2026","-","Fixa mensal","0","0","Alimentação","Sobremesa","-","Nubank",""
"Financiamento Fiesta  13/48","931.48","0.00","18/11/2025 20:19","25/10/2026","-","Parcelada (mensal)","13","48","Carro","Financiamento","-","Nubank",""
"Prev. mercado","1100.00","0.00","20/05/2025 00:09","24/10/2026","-","Fixa mensal","0","0","Mercado","Outros","-","Pluxee",""
"Internet","119.99","0.00","25/11/2024 18:18","21/10/2026","-","Fixa mensal","0","0","Moradia","Fixas","-","Nubank",""
"IPTU","55.61","0.00","10/06/2024 20:46","20/10/2026","-","Fixa mensal","0","0","Moradia","Fixas","-","Nubank",""
"Tim","52.18","0.00","16/08/2024 18:24","16/10/2026","-","Fixa mensal","0","0","Serviços","Internet","-","Nubank",""
"Carregador Isa  6/7","23.86","0.00","12/04/2026 19:16","12/10/2026","-","Parcelada (mensal)","6","7","Tecnologia","Celular","Mercado Pagos","Nubank",""
"Nível 6 ML","19.90","0.00","04/09/2023 21:46","12/10/2026","-","Fixa mensal","0","0","Serviços","Assinaturas","Mercado Pagos","Nubank",""
"S24 Ultra  7/18","233.83","0.00","23/03/2026 13:32","12/10/2026","-","Parcelada (mensal)","7","18","Tecnologia","Celular","Mercado Pagos","Nubank",""
"Pagamento pais  5/12","416.66","0.00","09/05/2026 23:07","11/10/2026","-","Parcelada (mensal)","5","12","Entrada AP","Outros","Santander","Nubank",""
"App Finanças","13.90","0.00","02/09/2025 22:12","10/10/2026","-","Fixa mensal","0","0","Serviços","Assinaturas","Santander","Nubank",""
"Condomínio","351.01","0.00","10/06/2024 20:42","10/10/2026","-","Fixa mensal","0","0","Moradia","Fixas","-","Nubank",""
"Financiamento AP","719.00","0.00","10/02/2025 23:53","10/10/2026","-","Fixa mensal","0","0","Moradia","Financiamento","-","Nubank",""
"Luz","167.98","0.00","10/06/2024 20:44","10/10/2026","-","Fixa mensal","0","0","Moradia","Fixas","-","Nubank",""
"YouTube Premmium","26.90","0.00","20/06/2025 23:45","10/10/2026","-","Fixa mensal","0","0","Serviços","Assinaturas","Santander","Nubank",""
"Cartão Isa","111.27","0.00","07/11/2024 23:24","08/10/2026","-","Fixa mensal","0","0","Cartão Isa","Outros","-","Nubank",""
"Prev. Dízimo","470.00","0.00","02/12/2024 13:58","02/10/2026","-","Fixa mensal","0","0","Igreja","Dízimo","-","Nubank",""
"Gympass","69.90","0.00","08/06/2026 23:49","28/09/2026","-","Fixa mensal","0","0","Saúde","Academia","NuBank","Nubank",""
"Gympass Isa","69.90","0.00","05/05/2026 19:28","28/09/2026","-","Fixa mensal","0","0","Saúde","Academia","NuBank","Nubank",""
"Prev. Comida","600.00","0.00","02/12/2024 13:56","27/09/2026","-","Fixa mensal","0","0","Alimentação","Outros","-","Nubank",""
"Prev. Gasolina","300.00","0.00","27/11/2024 13:54","27/09/2026","-","Fixa mensal","0","0","Carro","Combustível","-","Nubank",""
"Coisas Futura","21.00","0.00","25/03/2026 14:24","25/09/2026","-","Fixa mensal","0","0","Alimentação","Sobremesa","-","Nubank",""
"Financiamento Fiesta  12/48","931.48","0.00","18/11/2025 20:19","25/09/2026","-","Parcelada (mensal)","12","48","Carro","Financiamento","-","Nubank",""
"Prev. mercado","1100.00","0.00","20/05/2025 00:09","24/09/2026","-","Fixa mensal","0","0","Mercado","Outros","-","Pluxee",""
"Internet","119.99","0.00","25/11/2024 18:18","21/09/2026","-","Fixa mensal","0","0","Moradia","Fixas","-","Nubank",""
"IPTU","55.61","0.00","10/06/2024 20:46","20/09/2026","-","Fixa mensal","0","0","Moradia","Fixas","-","Nubank",""
"Tim","52.18","0.00","16/08/2024 18:24","16/09/2026","-","Fixa mensal","0","0","Serviços","Internet","-","Nubank",""
"Carregador Isa  5/7","23.86","0.00","12/04/2026 19:16","12/09/2026","-","Parcelada (mensal)","5","7","Tecnologia","Celular","Mercado Pagos","Nubank",""
"Corda baixo  6/6","16.66","0.00","27/03/2026 07:18","12/09/2026","-","Parcelada (mensal)","6","6","Música","Corda","Mercado Pagos","Nubank",""
"Nível 6 ML","19.90","0.00","04/09/2023 21:46","12/09/2026","-","Fixa mensal","0","0","Serviços","Assinaturas","Mercado Pagos","Nubank",""
"S24 Ultra  6/18","233.83","0.00","23/03/2026 13:32","12/09/2026","-","Parcelada (mensal)","6","18","Tecnologia","Celular","Mercado Pagos","Nubank",""
"Pagamento pais  4/12","416.66","0.00","09/05/2026 23:07","11/09/2026","-","Parcelada (mensal)","4","12","Entrada AP","Outros","Santander","Nubank",""
"App Finanças","13.90","0.00","02/09/2025 22:12","10/09/2026","-","Fixa mensal","0","0","Serviços","Assinaturas","Santander","Nubank",""
"Condomínio","351.01","0.00","10/06/2024 20:42","10/09/2026","-","Fixa mensal","0","0","Moradia","Fixas","-","Nubank",""
"Financiamento AP","719.00","0.00","10/02/2025 23:53","10/09/2026","-","Fixa mensal","0","0","Moradia","Financiamento","-","Nubank",""
"Luz","167.98","0.00","10/06/2024 20:44","10/09/2026","-","Fixa mensal","0","0","Moradia","Fixas","-","Nubank",""
"YouTube Premmium","26.90","0.00","20/06/2025 23:45","10/09/2026","-","Fixa mensal","0","0","Serviços","Assinaturas","Santander","Nubank",""
"Cartão Isa","111.27","0.00","07/11/2024 23:24","08/09/2026","-","Fixa mensal","0","0","Cartão Isa","Outros","-","Nubank",""
"Prev. Dízimo","470.00","0.00","02/12/2024 13:58","02/09/2026","-","Fixa mensal","0","0","Igreja","Dízimo","-","Nubank",""
"Gympass","69.90","0.00","08/06/2026 23:49","28/08/2026","-","Fixa mensal","0","0","Saúde","Academia","NuBank","Nubank",""
"Gympass Isa","69.90","0.00","05/05/2026 19:28","28/08/2026","-","Fixa mensal","0","0","Saúde","Academia","NuBank","Nubank",""
"Santanas Ranch  5/5","347.76","0.00","24/04/2026 21:48","28/08/2026","-","Parcelada (mensal)","5","5","Viagem","Pacotes","NuBank","Nubank",""
"Seguro  12/12","274.48","0.00","18/09/2025 20:06","28/08/2026","-","Parcelada (mensal)","12","12","Carro","Seguro","NuBank","Nubank",""
"Prev. Comida","600.00","0.00","02/12/2024 13:56","27/08/2026","-","Fixa mensal","0","0","Alimentação","Outros","-","Nubank",""
"Prev. Gasolina","300.00","0.00","27/11/2024 13:54","27/08/2026","-","Fixa mensal","0","0","Carro","Combustível","-","Nubank",""
"Coisas Futura","21.00","0.00","25/03/2026 14:24","25/08/2026","-","Fixa mensal","0","0","Alimentação","Sobremesa","-","Nubank",""
"Financiamento Fiesta  11/48","931.48","0.00","18/11/2025 20:19","25/08/2026","-","Parcelada (mensal)","11","48","Carro","Financiamento","-","Nubank",""
"Prev. mercado","1100.00","0.00","20/05/2025 00:09","24/08/2026","-","Fixa mensal","0","0","Mercado","Outros","-","Pluxee",""
"Internet","119.99","0.00","25/11/2024 18:18","21/08/2026","-","Fixa mensal","0","0","Moradia","Fixas","-","Nubank",""
"IPTU","55.61","0.00","10/06/2024 20:46","20/08/2026","-","Fixa mensal","0","0","Moradia","Fixas","-","Nubank",""
"Tim","52.18","0.00","16/08/2024 18:24","16/08/2026","-","Fixa mensal","0","0","Serviços","Internet","-","Nubank",""
"Carregador Isa  4/7","23.86","0.00","12/04/2026 19:16","12/08/2026","-","Parcelada (mensal)","4","7","Tecnologia","Celular","Mercado Pagos","Nubank",""
"Corda baixo  5/6","16.66","0.00","27/03/2026 07:18","12/08/2026","-","Parcelada (mensal)","5","6","Música","Corda","Mercado Pagos","Nubank",""
"Nível 6 ML","19.90","0.00","04/09/2023 21:46","12/08/2026","-","Fixa mensal","0","0","Serviços","Assinaturas","Mercado Pagos","Nubank",""
"S24 Ultra  5/18","233.83","0.00","23/03/2026 13:32","12/08/2026","-","Parcelada (mensal)","5","18","Tecnologia","Celular","Mercado Pagos","Nubank",""
"Pagamento pais  3/12","416.66","0.00","09/05/2026 23:07","11/08/2026","-","Parcelada (mensal)","3","12","Entrada AP","Outros","Santander","Nubank",""
"App Finanças","13.90","0.00","02/09/2025 22:12","10/08/2026","-","Fixa mensal","0","0","Serviços","Assinaturas","Santander","Nubank",""
"Condomínio","351.01","0.00","10/06/2024 20:42","10/08/2026","-","Fixa mensal","0","0","Moradia","Fixas","-","Nubank",""
"Financiamento AP","719.00","0.00","10/02/2025 23:53","10/08/2026","-","Fixa mensal","0","0","Moradia","Financiamento","-","Nubank",""
"Luz","167.98","0.00","10/06/2024 20:44","10/08/2026","-","Fixa mensal","0","0","Moradia","Fixas","-","Nubank",""
"YouTube Premmium","26.90","0.00","20/06/2025 23:45","10/08/2026","-","Fixa mensal","0","0","Serviços","Assinaturas","Santander","Nubank",""
"Cartão Isa","111.27","0.00","07/11/2024 23:24","08/08/2026","-","Fixa mensal","0","0","Cartão Isa","Outros","-","Nubank",""
"Prev. Dízimo","470.00","0.00","02/12/2024 13:58","02/08/2026","-","Fixa mensal","0","0","Igreja","Dízimo","-","Nubank",""
"Gympass","69.90","0.00","08/06/2026 23:49","28/07/2026","-","Fixa mensal","0","0","Saúde","Academia","NuBank","Nubank",""
"Gympass Isa","69.90","0.00","05/05/2026 19:28","28/07/2026","-","Fixa mensal","0","0","Saúde","Academia","NuBank","Nubank",""
"Santanas Ranch  4/5","347.76","0.00","24/04/2026 21:48","28/07/2026","-","Parcelada (mensal)","4","5","Viagem","Pacotes","NuBank","Nubank",""
"Seguro  11/12","274.48","0.00","18/09/2025 20:06","28/07/2026","-","Parcelada (mensal)","11","12","Carro","Seguro","NuBank","Nubank",""
"Prev. Comida","600.00","0.00","02/12/2024 13:56","27/07/2026","-","Fixa mensal","0","0","Alimentação","Outros","-","Nubank",""
"Coisas Futura","21.00","0.00","25/03/2026 14:24","25/07/2026","-","Fixa mensal","0","0","Alimentação","Sobremesa","-","Nubank",""
"Financiamento Fiesta  10/48","931.48","0.00","18/11/2025 20:19","25/07/2026","-","Parcelada (mensal)","10","48","Carro","Financiamento","-","Nubank",""
"Prev. mercado","1100.00","0.00","20/05/2025 00:09","24/07/2026","-","Fixa mensal","0","0","Mercado","Outros","-","Pluxee",""
"Internet","119.99","0.00","25/11/2024 18:18","21/07/2026","-","Fixa mensal","0","0","Moradia","Fixas","-","Nubank",""
"IPTU","55.61","0.00","10/06/2024 20:46","20/07/2026","-","Fixa mensal","0","0","Moradia","Fixas","-","Nubank",""
"Tim","52.18","0.00","16/08/2024 18:24","16/07/2026","-","Fixa mensal","0","0","Serviços","Internet","-","Nubank",""
"Carregador Isa  3/7","23.86","0.00","12/04/2026 19:16","12/07/2026","-","Parcelada (mensal)","3","7","Tecnologia","Celular","Mercado Pagos","Nubank",""
"Corda baixo  4/6","16.66","0.00","27/03/2026 07:18","12/07/2026","-","Parcelada (mensal)","4","6","Música","Corda","Mercado Pagos","Nubank",""
"Nível 6 ML","19.90","0.00","04/09/2023 21:46","12/07/2026","-","Fixa mensal","0","0","Serviços","Assinaturas","Mercado Pagos","Nubank",""
"S24 Ultra  4/18","233.83","0.00","23/03/2026 13:32","12/07/2026","-","Parcelada (mensal)","4","18","Tecnologia","Celular","Mercado Pagos","Nubank",""
"Tenis Isa Adidas  8/8","21.24","0.00","05/12/2025 18:25","12/07/2026","-","Parcelada (mensal)","8","8","Vestuário","Tênis","Mercado Pagos","Nubank",""
"Tênis Nike  8/8","33.74","0.00","05/12/2025 18:26","12/07/2026","-","Parcelada (mensal)","8","8","Vestuário","Tênis","Mercado Pagos","Nubank",""
"Pagamento pais  2/12","416.66","0.00","09/05/2026 23:07","11/07/2026","-","Parcelada (mensal)","2","12","Entrada AP","Outros","Santander","Nubank",""
"App Finanças","13.90","0.00","02/09/2025 22:12","10/07/2026","-","Fixa mensal","0","0","Serviços","Assinaturas","Santander","Nubank",""
"Atacadão pt 02","156.57","0.00","01/06/2026 23:06","10/07/2026","-","Nenhuma","0","0","Mercado","Outros","Santander","Nubank",""
"Combustível","80.01","0.00","03/06/2026 14:25","10/07/2026","-","Nenhuma","0","0","Carro","Combustível","Santander","Nubank",""
"Combustível","158.30","0.00","30/05/2026 21:46","10/07/2026","-","Nenhuma","0","0","Carro","Combustível","Santander","Nubank",""
"Condomínio","351.01","0.00","10/06/2024 20:42","10/07/2026","-","Fixa mensal","0","0","Moradia","Fixas","-","Nubank",""
"Financiamento AP","719.00","0.00","10/02/2025 23:53","10/07/2026","-","Fixa mensal","0","0","Moradia","Financiamento","-","Nubank",""
"Luz","167.98","0.00","10/06/2024 20:44","10/07/2026","-","Fixa mensal","0","0","Moradia","Fixas","-","Nubank",""
"Mercado","35.19","0.00","31/05/2026 13:37","10/07/2026","-","Nenhuma","0","0","Mercado","Outros","Santander","Nubank",""
"Sabonete Isa","68.80","0.00","31/05/2026 14:29","10/07/2026","-","Nenhuma","0","0","Beleza","Produtos","Santander","Nubank",""
"YouTube Premmium","26.90","0.00","20/06/2025 23:45","10/07/2026","-","Fixa mensal","0","0","Serviços","Assinaturas","Santander","Nubank",""
"Cartão Isa","111.27","0.00","07/11/2024 23:24","08/07/2026","-","Fixa mensal","0","0","Cartão Isa","Outros","-","Nubank",""
"Prev. Dízimo","470.00","0.00","02/12/2024 13:58","02/07/2026","-","Fixa mensal","0","0","Igreja","Dízimo","-","Nubank",""
"Blusa Isa Brasil","59.98","0.00","13/06/2026 19:24","29/06/2026","-","Nenhuma","0","0","Vestuário","Blusas","NuBank","Nubank",""
"Bolinhas água","34.50","0.00","13/06/2026 19:24","29/06/2026","-","Nenhuma","0","0","Outros","Outros","NuBank","Nubank",""
"Coca zero","10.99","0.00","13/06/2026 19:24","29/06/2026","-","Nenhuma","0","0","Alimentação","Bebidas","NuBank","Nubank",""
"Di madre","160.27","0.00","12/06/2026 19:22","29/06/2026","-","Nenhuma","0","0","Alimentação","Jantar","NuBank","Nubank",""
"Estacionamento","2.70","0.00","13/06/2026 19:24","29/06/2026","-","Nenhuma","0","0","Carro","Estacionamento","NuBank","Nubank",""
"Gympass","69.99","0.00","08/06/2026 23:51","29/06/2026","-","Nenhuma","0","0","Saúde","Academia","NuBank","Nubank",""
"Gympass Isa","69.99","0.00","08/06/2026 23:49","29/06/2026","-","Nenhuma","0","0","Saúde","Academia","NuBank","Nubank",""
"Alface do lanche","11.78","0.00","09/05/2026 16:17","28/06/2026","-","Nenhuma","0","0","Alimentação","Jantar","NuBank","Nubank",""
"Assado almoço","59.58","0.00","03/05/2026 19:41","28/06/2026","-","Nenhuma","0","0","Alimentação","Almoço","NuBank","Nubank",""
"Cabelo","45.00","0.00","19/05/2026 19:28","28/06/2026","-","Nenhuma","0","0","Beleza","Cabelo","NuBank","Nubank",""
"Combustível","166.03","0.00","20/05/2026 21:16","28/06/2026","-","Nenhuma","0","0","Carro","Combustível","NuBank","Nubank",""
"Crema","88.02","0.00","15/06/2026 21:12","28/06/2026","-","Nenhuma","0","0","Mercado","Outros","NuBank","Nubank",""
"Crema","284.48","0.00","05/06/2026 18:26","28/06/2026","-","Nenhuma","0","0","Mercado","Outros","NuBank","Nubank",""
"Farmácia","63.40","0.00","13/05/2026 22:57","28/06/2026","-","Nenhuma","0","0","Saúde","Remédios","NuBank","Nubank",""
"Figurinha Derick","35.00","0.00","10/05/2026 21:04","28/06/2026","-","Nenhuma","0","0","Presente","Diversos","NuBank","Nubank",""
"Gasolina","96.61","0.00","11/06/2026 14:43","28/06/2026","-","Nenhuma","0","0","Carro","Combustível","NuBank","Nubank",""
"Gasolina","228.56","0.00","05/05/2026 14:02","28/06/2026","-","Nenhuma","0","0","Carro","Combustível","NuBank","Nubank",""
"Gympass","69.90","0.00","05/05/2026 19:29","28/06/2026","-","Nenhuma","0","0","Saúde","Academia","NuBank","Nubank",""
"Gympass Isa","9.90","0.00","05/05/2026 19:28","28/06/2026","-","Fixa mensal","0","0","Saúde","Academia","NuBank","Nubank",""
"Mercado","5.24","0.00","04/05/2026 22:34","28/06/2026","-","Nenhuma","0","0","Mercado","Outros","NuBank","Nubank",""
"Mercado","137.26","0.00","20/05/2026 00:20","28/06/2026","-","Nenhuma","0","0","Mercado","Outros","NuBank","Nubank",""
"Mercado Crema","424.26","0.00","04/05/2026 22:34","28/06/2026","-","Nenhuma","0","0","Mercado","Outros","NuBank","Nubank",""
"Pagamento antecipado","-2225.20","0.00","08/06/2026 00:00","28/06/2026","-","Nenhuma","0","0","Cartões de crédito","Adiantamento fatura","NuBank","Nubank",""
"Presente Amiga Isa","54.00","0.00","23/05/2026 09:35","28/06/2026","-","Nenhuma","0","0","Presente","Diversos","NuBank","Nubank",""
"Presente Mãe","75.00","0.00","10/05/2026 21:04","28/06/2026","-","Nenhuma","0","0","Presente","Diversos","NuBank","Nubank",""
"Presente Sid","85.50","0.00","09/05/2026 16:18","28/06/2026","-","Nenhuma","0","0","Presente","Diversos","NuBank","Nubank",""
"Remédio Dor braço Isa","17.57","0.00","09/05/2026 23:06","28/06/2026","-","Nenhuma","0","0","Saúde","Remédios","NuBank","Nubank",""
"Remédio Dor braço Isa","99.18","0.00","09/06/2026 23:09","28/06/2026","-","Nenhuma","0","0","Saúde","Remédios","NuBank","Nubank",""
"Remédio Dor braço Isa","44.43","0.00","11/06/2026 20:32","28/06/2026","-","Nenhuma","0","0","Saúde","Remédios","NuBank","Nubank",""
"Santanas Ranch  2/5","347.76","0.00","24/04/2026 21:48","28/06/2026","-","Parcelada (mensal)","2","5","Viagem","Pacotes","NuBank","Nubank",""
"Santanas Ranch  3/5","347.76","0.00","24/04/2026 21:48","28/06/2026","-","Parcelada (mensal)","3","5","Viagem","Pacotes","NuBank","Nubank",""
"Seguro  10/12","274.48","0.00","18/09/2025 20:06","28/06/2026","-","Parcelada (mensal)","10","12","Carro","Seguro","NuBank","Nubank",""
"Seguro  9/12","274.48","0.00","18/09/2025 20:06","28/06/2026","-","Parcelada (mensal)","9","12","Carro","Seguro","NuBank","Nubank",""
"Uber","18.97","0.00","08/05/2026 09:26","28/06/2026","-","Nenhuma","0","0","Transporte","Uber","NuBank","Nubank",""
"Uber","14.95","0.00","14/05/2026 12:27","28/06/2026","-","Nenhuma","0","0","Transporte","Uber","NuBank","Nubank",""
"Uber","17.94","0.00","16/06/2026 16:30","28/06/2026","-","Nenhuma","0","0","Transporte","Uber","NuBank","Nubank",""
"Uber","18.99","0.00","08/05/2026 12:43","28/06/2026","-","Nenhuma","0","0","Transporte","Uber","NuBank","Nubank",""
"Uber","16.98","0.00","27/05/2026 18:17","28/06/2026","-","Nenhuma","0","0","Transporte","Uber","NuBank","Nubank",""
"Uber","13.98","0.00","18/05/2026 15:57","28/06/2026","-","Nenhuma","0","0","Transporte","Uber","NuBank","Nubank",""
"Uber","9.94","0.00","10/05/2026 21:04","28/06/2026","-","Nenhuma","0","0","Transporte","Uber","NuBank","Nubank",""
"Uber","16.95","0.00","05/05/2026 19:32","28/06/2026","-","Nenhuma","0","0","Transporte","Uber","NuBank","Nubank",""
"Uber","15.94","0.00","18/05/2026 15:57","28/06/2026","-","Nenhuma","0","0","Transporte","Uber","NuBank","Nubank",""
"Uber","13.95","0.00","16/06/2026 16:30","28/06/2026","-","Nenhuma","0","0","Transporte","Uber","NuBank","Nubank",""
"Coisas Futura","24.00","0.00","25/03/2026 14:24","25/06/2026","-","Fixa mensal","0","0","Alimentação","Sobremesa","-","Nubank",""
"Financiamento Fiesta  9/48","922.03","0.00","18/11/2025 20:19","25/06/2026","09/06/2026","Parcelada (mensal)","9","48","Carro","Financiamento","-","Nubank",""
"Internet","119.99","0.00","25/11/2024 18:18","21/06/2026","-","Fixa mensal","0","0","Moradia","Fixas","-","Nubank",""
"IPTU","55.61","0.00","10/06/2024 20:46","20/06/2026","08/06/2026","Fixa mensal","0","0","Moradia","Fixas","-","Nubank",""
"Exame Isa","60.00","0.00","17/06/2026 14:03","17/06/2026","17/06/2026","Nenhuma","0","0","Saúde","Consulta","-","Nubank",""
"Unha Isa","40.00","0.00","17/06/2026 14:02","17/06/2026","17/06/2026","Nenhuma","0","0","Beleza","Unha","-","Nubank",""
"Tim","52.18","0.00","16/08/2024 18:24","16/06/2026","08/06/2026","Fixa mensal","0","0","Serviços","Internet","-","Nubank",""
"Carregador Isa  2/7","23.86","0.00","12/04/2026 19:16","12/06/2026","08/06/2026","Parcelada (mensal)","2","7","Tecnologia","Celular","Mercado Pagos","Nubank",""
"Corda baixo  3/6","16.66","0.00","27/03/2026 07:18","12/06/2026","08/06/2026","Parcelada (mensal)","3","6","Música","Corda","Mercado Pagos","Nubank",""
"Nível 6 ML","19.90","0.00","04/09/2023 21:46","12/06/2026","08/06/2026","Fixa mensal","0","0","Serviços","Assinaturas","Mercado Pagos","Nubank",""
"S24 Ultra  3/18","233.83","0.00","23/03/2026 13:32","12/06/2026","08/06/2026","Parcelada (mensal)","3","18","Tecnologia","Celular","Mercado Pagos","Nubank",""
"Tenis Isa Adidas  7/8","21.24","0.00","05/12/2025 18:25","12/06/2026","08/06/2026","Parcelada (mensal)","7","8","Vestuário","Tênis","Mercado Pagos","Nubank",""
"Tênis Nike  7/8","33.74","0.00","05/12/2025 18:26","12/06/2026","08/06/2026","Parcelada (mensal)","7","8","Vestuário","Tênis","Mercado Pagos","Nubank",""
"Pagamento pais  1/12","416.74","0.00","09/05/2026 23:07","11/06/2026","04/06/2026","Parcelada (mensal)","1","12","Entrada AP","Outros","Santander","Nubank",""
"Pastelzinho","50.90","0.00","11/06/2026 21:10","11/06/2026","11/06/2026","Nenhuma","0","0","Alimentação","Jantar","-","Santander",""
"Almoço SV","31.72","0.00","02/05/2026 22:11","10/06/2026","04/06/2026","Nenhuma","0","0","Mercado","Outros","Santander","Nubank",""
"App Finanças","13.90","0.00","02/09/2025 22:12","10/06/2026","04/06/2026","Fixa mensal","0","0","Serviços","Assinaturas","Santander","Nubank",""
"Bateria Baixo","29.98","0.00","02/05/2026 22:11","10/06/2026","04/06/2026","Nenhuma","0","0","Música","Equipamentos","Santander","Nubank",""
"Bk Cinema","51.70","0.00","30/04/2026 22:11","10/06/2026","04/06/2026","Nenhuma","0","0","Alimentação","Jantar","Santander","Nubank",""
"Café João e Alícia","35.53","0.00","30/04/2026 22:11","10/06/2026","04/06/2026","Nenhuma","0","0","Alimentação","Café Da Manhã","Santander","Nubank",""
"Café da manhã SP","80.00","0.00","02/05/2026 22:11","10/06/2026","04/06/2026","Nenhuma","0","0","Alimentação","Café Da Manhã","Santander","Nubank",""
"Combustível","242.99","0.00","30/04/2026 22:11","10/06/2026","04/06/2026","Nenhuma","0","0","Carro","Combustível","Santander","Nubank",""
"Condomínio","351.01","0.00","10/06/2024 20:42","10/06/2026","08/06/2026","Fixa mensal","0","0","Moradia","Fixas","-","Nubank",""
"Di madre","51.01","0.00","02/05/2026 22:11","10/06/2026","04/06/2026","Nenhuma","0","0","Alimentação","Jantar","Santander","Nubank",""
"Financiamento AP","719.00","0.00","10/02/2025 23:53","10/06/2026","08/06/2026","Fixa mensal","0","0","Moradia","Financiamento","-","Nubank",""
"Luz","189.17","0.00","10/06/2024 20:44","10/06/2026","09/06/2026","Fixa mensal","0","0","Moradia","Fixas","-","Nubank",""
"Remédio Isa  3/3","60.03","0.00","02/03/2026 20:00","10/06/2026","04/06/2026","Parcelada (mensal)","3","3","Saúde","Remédios","Santander","Nubank",""
"Uber","14.40","0.00","06/05/2026 19:50","10/06/2026","04/06/2026","Nenhuma","0","0","Transporte","Uber","Santander","Nubank",""
"Uber","13.10","0.00","19/05/2026 09:43","10/06/2026","04/06/2026","Nenhuma","0","0","Transporte","Uber","Santander","Nubank",""
"Uber","13.10","0.00","11/05/2026 12:08","10/06/2026","04/06/2026","Nenhuma","0","0","Transporte","Uber","Santander","Nubank",""
"Uber","14.70","0.00","13/05/2026 13:00","10/06/2026","04/06/2026","Nenhuma","0","0","Transporte","Uber","Santander","Nubank",""
"Uber","13.80","0.00","18/05/2026 19:52","10/06/2026","04/06/2026","Nenhuma","0","0","Transporte","Uber","Santander","Nubank",""
"YouTube Premmium","26.90","0.00","20/06/2025 23:45","10/06/2026","04/06/2026","Fixa mensal","0","0","Serviços","Assinaturas","Santander","Nubank",""
"Cartão Isa","111.27","0.00","07/11/2024 23:24","08/06/2026","08/06/2026","Fixa mensal","0","0","Cartão Isa","Outros","-","Nubank",""
"Pagamento antecipado","2225.20","0.00","08/06/2026 00:00","08/06/2026","08/06/2026","Nenhuma","0","0","Cartões de crédito","Adiantamento fatura","-","Nubank",""
"Água","4.00","0.00","07/06/2026 09:53","07/06/2026","07/06/2026","Nenhuma","0","0","Alimentação","Bebidas","-","Santander",""
"Festa junina","100.00","0.00","06/06/2026 21:08","06/06/2026","06/06/2026","Nenhuma","0","0","Alimentação","Jantar","-","Santander",""
"Almoço Sexta","31.50","0.00","05/06/2026 15:24","05/06/2026","05/06/2026","Nenhuma","0","0","Alimentação","Almoço","-","Santander",""
"Unha Isa","70.00","0.00","05/06/2026 09:38","05/06/2026","05/06/2026","Nenhuma","0","0","Beleza","Unha","-","Nubank",""
"Atacadão pt01","704.00","0.00","01/06/2026 23:06","01/06/2026","01/06/2026","Nenhuma","0","0","Mercado","Outros","-","Pluxee",""
"Almoço Mc","66.90","0.00","31/05/2026 14:29","31/05/2026","31/05/2026","Nenhuma","0","0","Alimentação","Almoço","-","Santander",""
"Sorvete Mc","20.00","0.00","31/05/2026 14:29","31/05/2026","31/05/2026","Nenhuma","0","0","Alimentação","Sobremesa","-","Santander",""
"Picanha do Bob Sid Marcelo","72.43","0.00","29/05/2026 23:22","29/05/2026","29/05/2026","Nenhuma","0","0","Alimentação","Jantar","-","Santander",""
"Aniversário amiga Isa","78.80","0.00","26/05/2026 22:46","26/05/2026","26/05/2026","Nenhuma","0","0","Alimentação","Jantar","-","Santander",""
"Pão","8.26","0.00","26/05/2026 18:46","26/05/2026","26/05/2026","Nenhuma","0","0","Mercado","Outros","-","Santander",""
"Coisas Futura","24.00","0.00","25/03/2026 14:24","25/05/2026","25/05/2026","Fixa mensal","0","0","Alimentação","Sobremesa","-","Nubank",""
"Financiamento Fiesta  8/48","923.21","0.00","18/11/2025 20:19","25/05/2026","19/05/2026","Parcelada (mensal)","8","48","Carro","Financiamento","-","Nubank",""
"Chiclete culto","3.50","0.00","24/05/2026 20:23","24/05/2026","24/05/2026","Nenhuma","0","0","Alimentação","Outros","-","Santander",""
"Lanche domingo noite","35.60","0.00","24/05/2026 20:22","24/05/2026","24/05/2026","Nenhuma","0","0","Alimentação","Jantar","-","Santander",""
"Café da manhã","76.50","0.00","23/05/2026 09:34","23/05/2026","23/05/2026","Nenhuma","0","0","Alimentação","Café Da Manhã","-","Santander",""
"Empréstimo Janeiro  4/4","226.13","0.00","08/01/2026 07:00","23/05/2026","19/05/2026","Parcelada (mensal)","4","4","Outros","Outros","-","Nubank",""
"Hot dog","25.00","0.00","23/05/2026 18:58","23/05/2026","23/05/2026","Nenhuma","0","0","Alimentação","Jantar","-","Santander",""
"Lanche pernil","25.00","0.00","23/05/2026 18:58","23/05/2026","23/05/2026","Nenhuma","0","0","Alimentação","Jantar","-","Santander",""
"Chocolate","9.88","0.00","22/05/2026 22:25","22/05/2026","22/05/2026","Nenhuma","0","0","Alimentação","Sobremesa","-","Santander",""
"Retirada Isa","294.99","0.00","22/05/2026 12:41","22/05/2026","22/05/2026","Nenhuma","0","0","Retirada","Pessoal","-","Nubank",""
"Retirada Thailer","294.99","0.00","22/05/2026 12:41","22/05/2026","22/05/2026","Nenhuma","0","0","Retirada","Pessoal","-","Nubank",""
"Sushi","37.72","0.00","22/05/2026 19:09","22/05/2026","22/05/2026","Nenhuma","0","0","Alimentação","Jantar","-","Santander",""
"Internet","122.61","0.00","25/11/2024 18:18","21/05/2026","22/05/2026","Fixa mensal","0","0","Moradia","Fixas","-","Nubank",""
"Unha Isa","40.00","0.00","21/05/2026 09:20","21/05/2026","21/05/2026","Nenhuma","0","0","Beleza","Unha","-","Nubank",""
"IPTU","55.61","0.00","10/06/2024 20:46","20/05/2026","19/05/2026","Fixa mensal","0","0","Moradia","Fixas","-","Nubank",""
"Sucão","76.25","0.00","20/05/2026 21:17","20/05/2026","20/05/2026","Nenhuma","0","0","Alimentação","Almoço","-","Santander",""
"Declaração IRRF","80.00","0.00","19/05/2026 23:31","19/05/2026","19/05/2026","Nenhuma","0","0","Imposto","Outros","-","Nubank",""
"Almoço Picanha do Bob","148.84","0.00","17/05/2026 10:57","17/05/2026","17/05/2026","Nenhuma","0","0","Alimentação","Jantar","-","Santander",""
"Chocolates","36.89","0.00","16/05/2026 17:52","16/05/2026","16/05/2026","Nenhuma","0","0","Alimentação","Sobremesa","-","Santander",""
"Marmita","23.73","0.00","16/05/2026 11:49","16/05/2026","16/05/2026","Nenhuma","0","0","Alimentação","Almoço","-","Santander",""
"Tim","52.20","0.00","16/08/2024 18:24","16/05/2026","19/05/2026","Fixa mensal","0","0","Serviços","Internet","-","Nubank",""
"Pão","11.02","0.00","16/04/2026 18:04","13/05/2026","04/05/2026","Nenhuma","0","0","Alimentação","Jantar","NuBank","Nubank",""
"Seguro  8/12","274.48","0.00","18/09/2025 20:06","13/05/2026","04/05/2026","Parcelada (mensal)","8","12","Carro","Seguro","NuBank","Nubank",""
"Carregador","112.80","0.00","12/04/2026 19:47","12/05/2026","25/05/2026","Nenhuma","0","0","Tecnologia","Celular","Mercado Pagos","Nubank",""
"Carregador Isa  1/7","23.86","0.00","12/04/2026 19:16","12/05/2026","31/05/2026","Parcelada (mensal)","1","7","Tecnologia","Celular","Mercado Pagos","Nubank",""
"Corda baixo  2/6","16.66","0.00","27/03/2026 07:18","12/05/2026","06/05/2026","Parcelada (mensal)","2","6","Música","Corda","Mercado Pagos","Nubank",""
"Nível 6 ML","23.20","0.00","04/09/2023 21:46","12/05/2026","06/05/2026","Fixa mensal","0","0","Serviços","Assinaturas","Mercado Pagos","Nubank",""
"Pão e ovo","9.64","0.00","12/05/2026 22:54","12/05/2026","12/05/2026","Nenhuma","0","0","Mercado","Outros","-","Santander",""
"S24 Ultra  2/18","233.83","0.00","23/03/2026 13:32","12/05/2026","06/05/2026","Parcelada (mensal)","2","18","Tecnologia","Celular","Mercado Pagos","Nubank",""
"Tenis Isa Adidas  6/8","21.24","0.00","05/12/2025 18:25","12/05/2026","06/05/2026","Parcelada (mensal)","6","8","Vestuário","Tênis","Mercado Pagos","Nubank",""
"Tênis Nike  6/8","33.74","0.00","05/12/2025 18:26","12/05/2026","06/05/2026","Parcelada (mensal)","6","8","Vestuário","Tênis","Mercado Pagos","Nubank",""
"Aguá","3.50","0.00","29/03/2026 22:02","11/05/2026","04/05/2026","Nenhuma","0","0","Alimentação","Bebidas","Santander","Nubank",""
"Assado","55.58","0.00","02/05/2026 21:48","11/05/2026","04/05/2026","Nenhuma","0","0","Mercado","Outros","NuBank","Nubank",""
"Bebidas Santanas Ranch","59.00","0.00","26/04/2026 21:48","11/05/2026","04/05/2026","Nenhuma","0","0","Alimentação","Bebidas","NuBank","Nubank",""
"Bk Almoço","34.90","0.00","20/04/2026 13:56","11/05/2026","04/05/2026","Nenhuma","0","0","Alimentação","Almoço","NuBank","Nubank",""
"Cabelo","45.00","0.00","04/04/2026 22:24","11/05/2026","04/05/2026","Nenhuma","0","0","Beleza","Cabelo","NuBank","Nubank",""
"Camisinha","21.48","0.00","24/04/2026 21:39","11/05/2026","04/05/2026","Nenhuma","0","0","Saúde","Outros","NuBank","Nubank",""
"Capinha Pelicula Isa","119.99","0.00","11/04/2026 22:25","11/05/2026","04/05/2026","Nenhuma","0","0","Tecnologia","Celular","NuBank","Nubank",""
"Churrasco Emanuel","65.97","0.00","18/04/2026 19:04","11/05/2026","04/05/2026","Nenhuma","0","0","Alimentação","Almoço","NuBank","Nubank",""
"Coisas Atacadão","62.20","0.00","28/04/2026 21:48","11/05/2026","04/05/2026","Nenhuma","0","0","Mercado","Outros","NuBank","Nubank",""
"Coisas Viagem","27.96","0.00","19/04/2026 19:08","11/05/2026","04/05/2026","Nenhuma","0","0","Alimentação","Sobremesa","NuBank","Nubank",""
"Combustível","150.00","0.00","23/04/2026 21:39","11/05/2026","04/05/2026","Nenhuma","0","0","Carro","Combustível","NuBank","Nubank",""
"Desconto por antecipação","-29.21","0.00","15/04/2026 00:00","11/05/2026","04/05/2026","Nenhuma","0","0","Cartões de crédito","Desconto por antecipação","NuBank","Nubank",""
"Empréstimo Santander Fevereiro  3/3","258.82","0.00","07/02/2026 19:42","11/05/2026","04/05/2026","Parcelada (mensal)","3","3","Outros","Outros","NuBank","Nubank",""
"Entrada Cabelo Isa","50.00","0.00","11/05/2026 10:42","11/05/2026","11/05/2026","Nenhuma","0","0","Beleza","Cabelo","-","Nubank",""
"Estacionamento Tivoli","16.00","0.00","21/04/2026 17:37","11/05/2026","04/05/2026","Nenhuma","0","0","Carro","Estacionamento","NuBank","Nubank",""
"Estorno de ajuste","-24.08","0.00","04/05/2026 22:44","11/05/2026","04/05/2026","Nenhuma","0","0","Cartões de crédito","Estornos","NuBank","Nubank",""
"Gasolina","278.18","0.00","06/04/2026 12:36","11/05/2026","04/05/2026","Nenhuma","0","0","Carro","Combustível","NuBank","Nubank",""
"Gasolina","150.11","0.00","16/04/2026 13:34","11/05/2026","04/05/2026","Nenhuma","0","0","Carro","Combustível","NuBank","Nubank",""
"Gasolina","30.00","0.00","04/04/2026 22:24","11/05/2026","04/05/2026","Nenhuma","0","0","Carro","Combustível","NuBank","Nubank",""
"Icy Gelato","46.00","0.00","23/04/2026 21:39","11/05/2026","04/05/2026","Nenhuma","0","0","Alimentação","Sobremesa","NuBank","Nubank",""
"Ifood","53.34","0.00","03/04/2026 22:05","11/05/2026","04/05/2026","Nenhuma","0","0","Alimentação","Jantar","Santander","Nubank",""
"Keks sorvetes","31.35","0.00","18/04/2026 07:47","11/05/2026","04/05/2026","Nenhuma","0","0","Alimentação","Sobremesa","NuBank","Nubank",""
"Kimba","58.00","0.00","21/04/2026 22:45","11/05/2026","04/05/2026","Nenhuma","0","0","Alimentação","Jantar","NuBank","Nubank",""
"Manutenção Fiesta Correia  1/4","586.50","0.00","04/04/2026 22:23","11/05/2026","04/05/2026","Parcelada (mensal)","1","4","Carro","Manutenção","NuBank","Nubank",""
"Manutenção Fiesta Correia  2/4","586.50","0.00","04/04/2026 22:23","11/05/2026","04/05/2026","Parcelada (mensal)","2","4","Carro","Manutenção","NuBank","Nubank",""
"Manutenção Fiesta Correia  3/4","586.50","0.00","04/04/2026 22:23","11/05/2026","04/05/2026","Parcelada (mensal)","3","4","Carro","Manutenção","NuBank","Nubank",""
"Manutenção Fiesta Correia  4/4","586.50","0.00","04/04/2026 22:23","11/05/2026","04/05/2026","Parcelada (mensal)","4","4","Carro","Manutenção","NuBank","Nubank",""
"Mariliam","60.50","0.00","04/04/2026 23:10","11/05/2026","04/05/2026","Nenhuma","0","0","Alimentação","Jantar","NuBank","Nubank",""
"Mc","72.80","0.00","05/04/2026 23:33","11/05/2026","04/05/2026","Nenhuma","0","0","Alimentação","Jantar","NuBank","Nubank",""
"Nimesulida","10.52","0.00","15/04/2026 22:33","11/05/2026","04/05/2026","Nenhuma","0","0","Saúde","Remédios","NuBank","Nubank",""
"Não sei","60.00","0.00","03/05/2026 22:08","11/05/2026","04/05/2026","Nenhuma","0","0","Others","Outros","Santander","Nubank",""
"Não sei","70.00","0.00","03/04/2026 22:06","11/05/2026","04/05/2026","Nenhuma","0","0","Others","Outros","Santander","Nubank",""
"Pagamento antecipado","-2316.79","0.00","15/04/2026 00:00","11/05/2026","04/05/2026","Nenhuma","0","0","Cartões de crédito","Adiantamento fatura","NuBank","Nubank",""
"Pastel","37.50","0.00","09/04/2026 23:07","11/05/2026","04/05/2026","Nenhuma","0","0","Alimentação","Jantar","NuBank","Nubank",""
"Pastel Sorocaba","29.00","0.00","18/04/2026 19:03","11/05/2026","04/05/2026","Nenhuma","0","0","Alimentação","Jantar","NuBank","Nubank",""
"Pedágio","9.20","0.00","26/04/2026 21:48","11/05/2026","04/05/2026","Nenhuma","0","0","Carro","Outros","NuBank","Nubank",""
"Pedágio","4.90","0.00","18/04/2026 18:59","11/05/2026","04/05/2026","Nenhuma","0","0","Carro","Outros","NuBank","Nubank",""
"Pedágio","7.12","0.00","18/04/2026 18:59","11/05/2026","04/05/2026","Nenhuma","0","0","Carro","Outros","NuBank","Nubank",""
"Pedágio","7.50","0.00","26/04/2026 21:48","11/05/2026","04/05/2026","Nenhuma","0","0","Carro","Outros","NuBank","Nubank",""
"Pedágio Volta SP","39.40","0.00","02/05/2026 21:48","11/05/2026","04/05/2026","Nenhuma","0","0","Carro","Outros","NuBank","Nubank",""
"Pedágio ida SP","39.40","0.00","02/05/2026 21:48","11/05/2026","04/05/2026","Nenhuma","0","0","Carro","Outros","NuBank","Nubank",""
"Película","100.00","0.00","02/04/2026 23:15","11/05/2026","04/05/2026","Nenhuma","0","0","Tecnologia","Celular","Santander","Nubank",""
"Picanha do bob bebidas","52.47","0.00","22/04/2026 21:39","11/05/2026","04/05/2026","Nenhuma","0","0","Alimentação","Jantar","NuBank","Nubank",""
"Pizzaria","147.95","0.00","18/04/2026 07:47","11/05/2026","04/05/2026","Nenhuma","0","0","Alimentação","Jantar","NuBank","Nubank",""
"Presente Mãe  2/2","65.00","0.00","14/03/2026 23:57","11/05/2026","04/05/2026","Parcelada (mensal)","2","2","Presente","Diversos","NuBank","Nubank",""
"Pão manhã","5.51","0.00","18/04/2026 07:48","11/05/2026","04/05/2026","Nenhuma","0","0","Alimentação","Café Da Manhã","NuBank","Nubank",""
"Queijo mussarela","21.33","0.00","16/04/2026 17:40","11/05/2026","04/05/2026","Nenhuma","0","0","Mercado","Outros","NuBank","Nubank",""
"Santanas Ranch  1/5","347.76","0.00","24/04/2026 21:48","11/05/2026","04/05/2026","Parcelada (mensal)","1","5","Viagem","Pacotes","NuBank","Nubank",""
"Sorvete","19.00","0.00","11/05/2026 14:13","11/05/2026","11/05/2026","Nenhuma","0","0","Alimentação","Sobremesa","-","Santander",""
"Sorvete Keks","34.12","0.00","21/04/2026 22:44","11/05/2026","04/05/2026","Nenhuma","0","0","Alimentação","Sobremesa","NuBank","Nubank",""
"Sorvete Mc","30.00","0.00","21/04/2026 17:37","11/05/2026","04/05/2026","Nenhuma","0","0","Alimentação","Sobremesa","NuBank","Nubank",""
"Sorvete Sorocaba","22.00","0.00","18/04/2026 19:05","11/05/2026","04/05/2026","Nenhuma","0","0","Alimentação","Sobremesa","NuBank","Nubank",""
"Spani coisas viagens","37.52","0.00","24/04/2026 21:39","11/05/2026","04/05/2026","Nenhuma","0","0","Alimentação","Bebidas","NuBank","Nubank",""
"Supermercado Emanuel","21.96","0.00","19/04/2026 19:08","11/05/2026","04/05/2026","Nenhuma","0","0","Alimentação","Almoço","NuBank","Nubank",""
"Supermercado Emanuel","20.00","0.00","19/04/2026 19:08","11/05/2026","04/05/2026","Nenhuma","0","0","Alimentação","Almoço","NuBank","Nubank",""
"Tapete casa","66.89","0.00","11/05/2026 14:10","11/05/2026","11/05/2026","Nenhuma","0","0","Moradia","Móveis","-","Nubank Casa",""
"Uber","7.95","0.00","23/04/2026 21:39","11/05/2026","04/05/2026","Nenhuma","0","0","Transporte","Uber","NuBank","Nubank",""
"Uber","18.30","0.00","14/04/2026 21:33","11/05/2026","04/05/2026","Nenhuma","0","0","Transporte","Uber","NuBank","Nubank",""
"Uber","8.96","0.00","23/04/2026 21:39","11/05/2026","04/05/2026","Nenhuma","0","0","Transporte","Uber","NuBank","Nubank",""
"Uber","19.94","0.00","14/04/2026 21:33","11/05/2026","04/05/2026","Nenhuma","0","0","Transporte","Uber","NuBank","Nubank",""
"Uber","7.95","0.00","23/04/2026 21:39","11/05/2026","04/05/2026","Nenhuma","0","0","Transporte","Uber","NuBank","Nubank",""
"App Finanças","13.90","0.00","02/09/2025 22:12","10/05/2026","04/05/2026","Fixa mensal","0","0","Serviços","Assinaturas","Santander","Nubank",""
"Condomínio","354.90","0.00","10/06/2024 20:42","10/05/2026","06/05/2026","Fixa mensal","0","0","Moradia","Fixas","-","Nubank",""
"Financiamento AP","717.87","0.00","10/02/2025 23:53","10/05/2026","06/05/2026","Fixa mensal","0","0","Moradia","Financiamento","-","Nubank",""
"Luz","167.98","0.00","10/06/2024 20:44","10/05/2026","06/05/2026","Fixa mensal","0","0","Moradia","Fixas","-","Nubank",""
"Penteadeira Isa","113.26","0.00","10/05/2026 12:48","10/05/2026","10/05/2026","Nenhuma","0","0","Moradia","Outros","-","Nubank Casa",""
"Remédio Isa  2/3","60.03","0.00","02/03/2026 20:00","10/05/2026","04/05/2026","Parcelada (mensal)","2","3","Saúde","Remédios","Santander","Nubank",""
"Sorvete dia das mães","19.00","0.00","10/05/2026 12:19","10/05/2026","10/05/2026","Nenhuma","0","0","Alimentação","Sobremesa","-","Nubank",""
"Suporte notebook monitor","142.49","0.00","10/05/2026 09:09","10/05/2026","10/05/2026","Nenhuma","0","0","Tecnologia","Periféricos","-","Nubank Casa",""
"YouTube Premmium","26.90","0.00","20/06/2025 23:45","10/05/2026","04/05/2026","Fixa mensal","0","0","Serviços","Assinaturas","Santander","Nubank",""
"Cartão Isa","177.36","0.00","07/11/2024 23:24","08/05/2026","06/05/2026","Fixa mensal","0","0","Cartão Isa","Outros","-","Nubank",""
"Vestido Isa","41.80","0.00","07/05/2026 18:19","07/05/2026","07/05/2026","Nenhuma","0","0","Vestuário","Blusas","-","Nubank",""
"Mercado atacadão","715.03","0.00","04/05/2026 19:40","04/05/2026","04/05/2026","Nenhuma","0","0","Mercado","Outros","-","Pluxee",""
"Cinema","76.00","0.00","02/05/2026 21:15","02/05/2026","02/05/2026","Nenhuma","0","0","Lazer","Cinema","-","Nubank",""
"Coisas casa","139.00","0.00","02/05/2026 21:15","02/05/2026","02/05/2026","Nenhuma","0","0","Mercado","Outros","-","Nubank",""
"Milho","12.00","0.00","02/05/2026 21:15","02/05/2026","02/05/2026","Nenhuma","0","0","Alimentação","Café Da Manhã","-","Nubank",""
"Saque","70.00","0.00","02/05/2026 21:14","02/05/2026","02/05/2026","Nenhuma","0","0","Saque","Outros","-","Nubank",""
"Estúdio","37.50","0.00","01/05/2026 21:13","01/05/2026","01/05/2026","Nenhuma","0","0","Música","Outros","-","Nubank",""
"Uber","14.00","0.00","29/04/2026 21:12","29/04/2026","29/04/2026","Nenhuma","0","0","Transporte","Uber","-","Nubank",""
"Uber","13.10","0.00","28/04/2026 21:07","28/04/2026","28/04/2026","Nenhuma","0","0","Transporte","Uber","-","Nubank",""
"Uber Isa","13.10","0.00","28/04/2026 07:06","28/04/2026","28/04/2026","Nenhuma","0","0","Transporte","Uber","-","Nubank",""
"Cinema","30.00","0.00","27/04/2026 07:06","27/04/2026","27/04/2026","Nenhuma","0","0","Lazer","Cinema","-","Nubank",""
"Uber","13.10","0.00","27/04/2026 21:06","27/04/2026","27/04/2026","Nenhuma","0","0","Transporte","Uber","-","Nubank",""
"App Cortes","14.90","0.00","26/04/2026 21:04","26/04/2026","26/04/2026","Fixa mensal","0","0","Serviços","Assinaturas","-","Nubank",""
"Coisas Futura","24.00","0.00","25/03/2026 14:24","25/04/2026","24/04/2026","Fixa mensal","0","0","Alimentação","Sobremesa","-","Nubank",""
"Financiamento Fiesta  7/48","920.86","0.00","18/11/2025 20:19","25/04/2026","07/04/2026","Parcelada (mensal)","7","48","Carro","Financiamento","-","Nubank",""
"Cabelo","45.00","0.00","03/05/2026 21:01","24/04/2026","24/04/2026","Nenhuma","0","0","Beleza","Cabelo","-","Nubank",""
"Empréstimo Janeiro  3/4","224.67","0.00","08/01/2026 07:00","23/04/2026","06/04/2026","Parcelada (mensal)","3","4","Outros","Outros","-","Nubank",""
"Unha Isa","40.00","0.00","23/04/2026 20:59","23/04/2026","23/04/2026","Nenhuma","0","0","Beleza","Unha","-","Nubank",""
"Internet","119.99","0.00","25/11/2024 18:18","21/04/2026","28/04/2026","Fixa mensal","0","0","Moradia","Fixas","-","Nubank",""
"Pastel Filme Gabriel","50.00","0.00","21/04/2026 20:56","21/04/2026","21/04/2026","Nenhuma","0","0","Alimentação","Jantar","-","Nubank",""
"IPTU","55.61","0.00","10/06/2024 20:46","20/04/2026","06/04/2026","Fixa mensal","0","0","Moradia","Fixas","-","Nubank",""
"Retirada Isa","1993.51","0.00","18/04/2026 07:56","18/04/2026","18/04/2026","Nenhuma","0","0","Retirada","Pessoal","-","Nubank",""
"Retirada Thailer","1993.51","0.00","18/04/2026 07:58","18/04/2026","18/04/2026","Nenhuma","0","0","Retirada","Pessoal","-","Nubank",""
"Tim","52.18","0.00","16/08/2024 18:24","16/04/2026","06/04/2026","Fixa mensal","0","0","Serviços","Internet","-","Nubank",""
"Farol milha carro","170.00","0.00","15/04/2026 13:29","15/04/2026","15/04/2026","Nenhuma","0","0","Carro","Manutenção","-","Nubank",""
"Pagamento antecipado","2316.79","0.00","15/04/2026 00:00","15/04/2026","15/04/2026","Nenhuma","0","0","Cartões de crédito","Adiantamento fatura","-","Nubank",""
"Alicate","41.45","0.00","28/03/2026 12:32","13/04/2026","06/04/2026","Nenhuma","0","0","Música","Equipamentos","NuBank","Nubank",""
"Almoço","68.49","0.00","09/03/2026 19:58","13/04/2026","06/04/2026","Nenhuma","0","0","Alimentação","Almoço","NuBank","Nubank",""
"Almoço Maryara","31.45","0.00","10/03/2026 12:38","13/04/2026","06/04/2026","Nenhuma","0","0","Alimentação","Almoço","NuBank","Nubank",""
"Bk Cinema","50.80","0.00","28/03/2026 12:33","13/04/2026","06/04/2026","Nenhuma","0","0","Alimentação","Jantar","NuBank","Nubank",""
"Bolo Isa","22.27","0.00","09/03/2026 19:58","13/04/2026","06/04/2026","Nenhuma","0","0","Alimentação","Sobremesa","NuBank","Nubank",""
"Churrasco Gabriel","48.91","0.00","15/03/2026 20:39","13/04/2026","06/04/2026","Nenhuma","0","0","Mercado","Outros","NuBank","Nubank",""
"Flor Isa","70.00","0.00","09/03/2026 19:57","13/04/2026","06/04/2026","Nenhuma","0","0","Presente","Diversos","NuBank","Nubank",""
"Não sei","25.00","0.00","08/03/2026 12:46","13/04/2026","06/04/2026","Nenhuma","0","0","Others","Outros","NuBank","Nubank",""
"Perfume Isa","103.90","0.00","09/03/2026 19:57","13/04/2026","06/04/2026","Nenhuma","0","0","Presente","Diversos","NuBank","Nubank",""
"Pipoca Cinema","25.00","0.00","27/03/2026 12:53","13/04/2026","06/04/2026","Nenhuma","0","0","Lazer","Cinema","NuBank","Nubank",""
"Pneu Carro","192.62","0.00","13/03/2026 19:59","13/04/2026","06/04/2026","Nenhuma","0","0","Carro","Manutenção","NuBank","Nubank",""
"Pão manhã","5.51","0.00","29/03/2026 12:30","13/04/2026","06/04/2026","Nenhuma","0","0","Alimentação","Café Da Manhã","NuBank","Nubank",""
"Seguro  7/12","274.48","0.00","18/09/2025 20:06","13/04/2026","06/04/2026","Parcelada (mensal)","7","12","Carro","Seguro","NuBank","Nubank",""
"Sorvete Keks","26.97","0.00","22/03/2026 12:34","13/04/2026","06/04/2026","Nenhuma","0","0","Alimentação","Sobremesa","NuBank","Nubank",""
"Sorvete Keks","17.35","0.00","22/03/2026 12:34","13/04/2026","06/04/2026","Nenhuma","0","0","Alimentação","Sobremesa","NuBank","Nubank",""
"Uber","25.82","0.00","02/04/2026 21:42","13/04/2026","06/04/2026","Nenhuma","0","0","Transporte","Uber","NuBank","Nubank",""
"Uber Isa","18.95","0.00","10/03/2026 12:39","13/04/2026","06/04/2026","Nenhuma","0","0","Transporte","Uber","NuBank","Nubank",""
"Uber Isa","9.94","0.00","10/03/2026 12:36","13/04/2026","06/04/2026","Nenhuma","0","0","Transporte","Uber","NuBank","Nubank",""
"Corda baixo  1/6","16.70","0.00","27/03/2026 07:18","12/04/2026","06/04/2026","Parcelada (mensal)","1","6","Música","Corda","Mercado Pagos","Nubank",""
"Creme Isa","65.11","0.00","15/03/2026 00:02","12/04/2026","06/04/2026","Nenhuma","0","0","Beleza","Produtos","Mercado Pagos","Nubank",""
"Iphone 17 Isa","3599.00","0.00","11/04/2026 22:29","12/04/2026","12/04/2026","Nenhuma","0","0","Tecnologia","Celular","-","Nubank",""
"Nível 6 ML","8.90","0.00","04/09/2023 21:46","12/04/2026","06/04/2026","Fixa mensal","0","0","Serviços","Assinaturas","Mercado Pagos","Nubank",""
"Presente Derick + Adap. Bluetooth","45.49","0.00","15/03/2026 00:00","12/04/2026","06/04/2026","Nenhuma","0","0","Presente","Diversos","Mercado Pagos","Nubank",""
"Presente Derick + Adap. Bluetooth","59.86","0.00","15/03/2026 00:00","12/04/2026","06/04/2026","Nenhuma","0","0","Tecnologia","Áudio","Mercado Pagos","Nubank",""
"Suporte celular Carro","24.90","0.00","24/03/2026 13:34","12/04/2026","06/04/2026","Nenhuma","0","0","Tecnologia","Periféricos","Mercado Pagos","Nubank",""
"Uber","7.40","0.00","10/04/2026 22:26","12/04/2026","12/04/2026","Nenhuma","0","0","Transporte","Uber","-","Nubank",""
"Uber","9.30","0.00","10/04/2026 22:26","12/04/2026","12/04/2026","Nenhuma","0","0","Transporte","Uber","-","Nubank",""
"S24 Ultra  1/18","233.83","0.00","23/03/2026 13:32","12/04/2026","06/04/2026","Parcelada (mensal)","1","18","Tecnologia","Celular","Mercado Pagos","Nubank",""
"Tenis Isa Adidas  5/8","21.24","0.00","05/12/2025 18:25","12/04/2026","06/04/2026","Parcelada (mensal)","5","8","Vestuário","Tênis","Mercado Pagos","Nubank",""
"Tênis Nike  5/8","33.74","0.00","05/12/2025 18:26","12/04/2026","06/04/2026","Parcelada (mensal)","5","8","Vestuário","Tênis","Mercado Pagos","Nubank",""
"Cinema","30.00","0.00","27/03/2026 20:29","11/04/2026","06/04/2026","Nenhuma","0","0","Lazer","Cinema","NuBank","Nubank",""
"Combustível","67.89","0.00","06/03/2026 13:36","11/04/2026","06/04/2026","Nenhuma","0","0","Carro","Combustível","NuBank","Nubank",""
"Empréstimo Santander Fevereiro  2/3","258.82","0.00","07/02/2026 19:42","11/04/2026","06/04/2026","Parcelada (mensal)","2","3","Outros","Outros","NuBank","Nubank",""
"Entrada Santanas Ranch  3/3","275.56","0.00","12/01/2026 21:53","11/04/2026","06/04/2026","Parcelada (mensal)","3","3","Viagem","Hospedagem","NuBank","Nubank",""
"Gasolina","250.88","0.00","18/03/2026 13:05","11/04/2026","06/04/2026","Nenhuma","0","0","Carro","Combustível","NuBank","Nubank",""
"Gympass","69.99","0.00","07/08/2025 13:43","11/04/2026","06/04/2026","Fixa mensal","0","0","Saúde","Academia","NuBank","Nubank",""
"Lanche Garagem","72.27","0.00","29/03/2026 23:13","11/04/2026","06/04/2026","Nenhuma","0","0","Alimentação","Jantar","NuBank","Nubank",""
"Maravilhas do lar","117.91","0.00","17/03/2026 22:38","11/04/2026","06/04/2026","Nenhuma","0","0","Moradia","Equipamentos","NuBank","Nubank",""
"Mercadinho","26.71","0.00","30/03/2026 18:07","11/04/2026","06/04/2026","Nenhuma","0","0","Mercado","Outros","NuBank","Nubank",""
"Pastel","51.40","0.00","07/03/2026 23:54","11/04/2026","06/04/2026","Nenhuma","0","0","Alimentação","Jantar","NuBank","Nubank",""
"Pizzaria Brasil","72.00","0.00","20/03/2026 21:01","11/04/2026","06/04/2026","Nenhuma","0","0","Alimentação","Jantar","NuBank","Nubank",""
"Presente Mãe  1/2","65.00","0.00","14/03/2026 23:57","11/04/2026","06/04/2026","Parcelada (mensal)","1","2","Presente","Diversos","NuBank","Nubank",""
"Pão manhã","2.75","0.00","14/03/2026 23:56","11/04/2026","06/04/2026","Nenhuma","0","0","Alimentação","Café Da Manhã","NuBank","Nubank",""
"Uber","20.95","0.00","31/03/2026 23:21","11/04/2026","06/04/2026","Nenhuma","0","0","Transporte","Uber","NuBank","Nubank",""
"Vic e vitamina cabelo","50.85","0.00","14/03/2026 23:53","11/04/2026","06/04/2026","Nenhuma","0","0","Saúde","Remédios","NuBank","Nubank",""
"App Finanças","13.90","0.00","02/09/2025 22:12","10/04/2026","06/04/2026","Fixa mensal","0","0","Serviços","Assinaturas","Santander","Nubank",""
"Condomínio","328.66","0.00","10/06/2024 20:42","10/04/2026","06/04/2026","Fixa mensal","0","0","Moradia","Fixas","-","Nubank",""
"Di madre","131.78","0.00","03/03/2026 21:51","10/04/2026","06/04/2026","Nenhuma","0","0","Alimentação","Jantar","Santander","Nubank",""
"Financiamento AP","715.00","0.00","10/02/2025 23:53","10/04/2026","06/04/2026","Fixa mensal","0","0","Moradia","Financiamento","-","Nubank",""
"Luz","153.31","0.00","10/06/2024 20:44","10/04/2026","06/04/2026","Fixa mensal","0","0","Moradia","Fixas","-","Nubank",""
"Não sei","16.00","0.00","29/03/2026 13:43","10/04/2026","06/04/2026","Nenhuma","0","0","Others","Outros","Santander","Nubank",""
"Remédio Isa  1/3","60.05","0.00","02/03/2026 20:00","10/04/2026","06/04/2026","Parcelada (mensal)","1","3","Saúde","Remédios","Santander","Nubank",""
"YouTube Premmium","26.90","0.00","20/06/2025 23:45","10/04/2026","06/04/2026","Fixa mensal","0","0","Serviços","Assinaturas","Santander","Nubank",""
"Carnes São Vicente","251.85","0.00","18/04/2026 08:02","08/04/2026","08/04/2026","Nenhuma","0","0","Mercado","Outros","-","Pluxee",""
"Cartão Isa","161.18","0.00","07/11/2024 23:24","08/04/2026","06/04/2026","Fixa mensal","0","0","Cartão Isa","Outros","-","Nubank",""
"Doce isa","12.00","0.00","06/04/2026 21:39","06/04/2026","06/04/2026","Nenhuma","0","0","Alimentação","Sobremesa","-","Nubank",""
"Ovo pascoa","73.49","0.00","04/04/2026 20:48","04/04/2026","04/04/2026","Nenhuma","0","0","Alimentação","Sobremesa","-","Nubank",""
"Crema","445.14","0.00","02/04/2026 23:25","02/04/2026","02/04/2026","Nenhuma","0","0","Mercado","Outros","-","Pluxee",""
"Higa","607.23","0.00","02/04/2026 23:24","02/04/2026","02/04/2026","Nenhuma","0","0","Mercado","Outros","-","Pluxee",""
"Cyberpunk 2077","19.90","0.00","31/03/2026 23:23","31/03/2026","31/03/2026","Nenhuma","0","0","Lazer","Videogame","-","Nubank",""
"Uber","23.00","0.00","31/03/2026 23:22","31/03/2026","31/03/2026","Nenhuma","0","0","Transporte","Uber","-","Nubank",""
"Almoço","36.00","0.00","27/03/2026 18:22","27/03/2026","27/03/2026","Nenhuma","0","0","Alimentação","Almoço","-","Pluxee",""
"Taxa Caixa","4.01","0.00","26/03/2026 15:55","26/03/2026","26/03/2026","Nenhuma","0","0","Imposto","Outros","-","Nubank",""
"Coisas Futura","21.00","0.00","25/03/2026 14:24","25/03/2026","25/03/2026","Fixa mensal","0","0","Alimentação","Sobremesa","-","Nubank",""
"Financiamento Fiesta  6/48","931.48","0.00","18/11/2025 20:19","25/03/2026","25/03/2026","Parcelada (mensal)","6","48","Carro","Financiamento","-","Nubank",""
"Unha Isa","40.00","0.00","25/03/2026 17:55","25/03/2026","25/03/2026","Nenhuma","0","0","Beleza","Unha","-","Nubank",""
"Crema","32.55","0.00","23/03/2026 17:35","23/03/2026","23/03/2026","Nenhuma","0","0","Mercado","Outros","-","Pluxee",""
"Empréstimo Janeiro  2/4","229.03","0.00","08/01/2026 07:00","23/03/2026","20/03/2026","Parcelada (mensal)","2","4","Outros","Outros","-","Nubank",""
"Crema","56.75","0.00","27/03/2026 18:22","22/03/2026","22/03/2026","Nenhuma","0","0","Mercado","Outros","-","Pluxee",""
"Internet","119.99","0.00","25/11/2024 18:18","21/03/2026","20/03/2026","Fixa mensal","0","0","Moradia","Fixas","-","Nubank",""
"IPTU","55.61","0.00","10/06/2024 20:46","20/03/2026","17/03/2026","Fixa mensal","0","0","Moradia","Fixas","-","Nubank",""
"Crema","58.40","0.00","16/03/2026 22:12","16/03/2026","16/03/2026","Nenhuma","0","0","Mercado","Outros","-","Pluxee",""
"Tim","52.22","0.00","16/08/2024 18:24","16/03/2026","19/03/2026","Fixa mensal","0","0","Serviços","Internet","-","Nubank",""
"Camisetas Hall","40.00","0.00","13/03/2026 20:26","13/03/2026","13/03/2026","Nenhuma","0","0","Vestuário","Blusas","-","Nubank",""
"Lanche Gordinho","47.78","0.00","13/03/2026 20:27","13/03/2026","13/03/2026","Nenhuma","0","0","Alimentação","Jantar","-","Nubank",""
"Seguro  6/12","274.48","0.00","18/09/2025 20:06","13/03/2026","09/03/2026","Parcelada (mensal)","6","12","Carro","Seguro","NuBank","Nubank",""
"Despesa de ajuste","1.00","0.00","10/03/2026 00:07","12/03/2026","09/03/2026","Nenhuma","0","0","Cartões de crédito","Ajustes","Mercado Pagos","Nubank",""
"Nível 6 ML","8.90","0.00","04/09/2023 21:46","12/03/2026","09/03/2026","Fixa mensal","0","0","Serviços","Assinaturas","Mercado Pagos","Nubank",""
"Tenis Isa Adidas  4/8","21.24","0.00","05/12/2025 18:25","12/03/2026","09/03/2026","Parcelada (mensal)","4","8","Vestuário","Tênis","Mercado Pagos","Nubank",""
"Tênis Nike  4/8","33.74","0.00","05/12/2025 18:26","12/03/2026","09/03/2026","Parcelada (mensal)","4","8","Vestuário","Tênis","Mercado Pagos","Nubank",""
"Almoço","25.50","0.00","03/03/2026 06:59","11/03/2026","09/03/2026","Nenhuma","0","0","Alimentação","Almoço","NuBank","Nubank",""
"Almoço","40.00","0.00","14/02/2026 14:00","11/03/2026","09/03/2026","Nenhuma","0","0","Alimentação","Almoço","NuBank","Nubank",""
"Almoço despedida","48.90","0.00","27/02/2026 19:38","11/03/2026","09/03/2026","Nenhuma","0","0","Alimentação","Almoço","NuBank","Nubank",""
"Asa Isa","132.41","0.00","10/02/2026 07:37","11/03/2026","09/03/2026","Nenhuma","0","0","Eventos","Roupas","NuBank","Nubank",""
"Bk","52.98","0.00","12/02/2026 23:43","11/03/2026","09/03/2026","Nenhuma","0","0","Alimentação","Jantar","NuBank","Nubank",""
"Bolo de pote","15.00","0.00","08/02/2026 11:05","11/03/2026","09/03/2026","Nenhuma","0","0","Alimentação","Sobremesa","NuBank","Nubank",""
"Cabelo","45.00","0.00","27/02/2026 19:38","11/03/2026","09/03/2026","Nenhuma","0","0","Beleza","Cabelo","NuBank","Nubank",""
"Café da manhã","43.60","0.00","21/02/2026 19:38","11/03/2026","09/03/2026","Nenhuma","0","0","Alimentação","Café Da Manhã","NuBank","Nubank",""
"Empréstimo Santander Fevereiro  1/3","258.82","0.00","07/02/2026 19:42","11/03/2026","09/03/2026","Parcelada (mensal)","1","3","Outros","Outros","NuBank","Nubank",""
"Entrada Santanas Ranch  2/3","275.56","0.00","12/01/2026 21:53","11/03/2026","09/03/2026","Parcelada (mensal)","2","3","Viagem","Hospedagem","NuBank","Nubank",""
"Estacionamento iguatemi","25.00","0.00","14/02/2026 23:12","11/03/2026","09/03/2026","Nenhuma","0","0","Carro","Estacionamento","NuBank","Nubank",""
"Fogo nobre","171.16","0.00","18/02/2026 21:30","11/03/2026","09/03/2026","Nenhuma","0","0","Alimentação","Jantar","NuBank","Nubank",""
"Gasolina","278.11","0.00","19/02/2026 17:58","11/03/2026","09/03/2026","Nenhuma","0","0","Carro","Combustível","NuBank","Nubank",""
"Geo Cosméticos","130.25","0.00","15/02/2026 14:12","11/03/2026","09/03/2026","Nenhuma","0","0","Beleza","Produtos","NuBank","Nubank",""
"Gympass","59.90","0.00","07/08/2025 13:43","11/03/2026","09/03/2026","Fixa mensal","0","0","Saúde","Academia","NuBank","Nubank",""
"Madero","160.60","0.00","14/02/2026 23:10","11/03/2026","09/03/2026","Nenhuma","0","0","Alimentação","Jantar","NuBank","Nubank",""
"Mc","35.90","0.00","12/02/2026 23:43","11/03/2026","09/03/2026","Nenhuma","0","0","Alimentação","Jantar","NuBank","Nubank",""
"Mc","46.90","0.00","21/02/2026 22:53","11/03/2026","09/03/2026","Nenhuma","0","0","Alimentação","Jantar","NuBank","Nubank",""
"Mc com Gabriel","34.00","0.00","24/02/2026 19:38","11/03/2026","09/03/2026","Nenhuma","0","0","Alimentação","Jantar","NuBank","Nubank",""
"Mercado","43.74","0.00","09/02/2026 14:02","11/03/2026","09/03/2026","Nenhuma","0","0","Mercado","Outros","NuBank","Nubank",""
"Mercado","38.35","0.00","17/02/2026 14:12","11/03/2026","09/03/2026","Nenhuma","0","0","Mercado","Outros","NuBank","Nubank",""
"Não sei","12.00","0.00","15/02/2026 14:10","11/03/2026","09/03/2026","Nenhuma","0","0","Others","Outros","NuBank","Nubank",""
"Oficina da Pizza","43.00","0.00","27/02/2026 19:38","11/03/2026","09/03/2026","Nenhuma","0","0","Alimentação","Jantar","NuBank","Nubank",""
"Pedágio","16.06","0.00","05/02/2026 13:57","11/03/2026","09/03/2026","Nenhuma","0","0","Carro","Outros","NuBank","Nubank",""
"Pedágio Iguatemi ida","12.10","0.00","14/02/2026 23:11","11/03/2026","09/03/2026","Nenhuma","0","0","Carro","Outros","NuBank","Nubank",""
"Pedágio Iguatemi volta","12.10","0.00","14/02/2026 23:12","11/03/2026","09/03/2026","Nenhuma","0","0","Carro","Outros","NuBank","Nubank",""
"Pizzaria Brasil","32.00","0.00","09/02/2026 14:05","11/03/2026","09/03/2026","Nenhuma","0","0","Alimentação","Jantar","NuBank","Nubank",""
"Presente Késia","59.90","0.00","15/02/2026 14:07","11/03/2026","09/03/2026","Nenhuma","0","0","Presente","Diversos","NuBank","Nubank",""
"Protetor solar + Pós Sol  3/3","56.32","0.00","25/12/2025 16:37","11/03/2026","09/03/2026","Parcelada (mensal)","3","3","Saúde","Outros","NuBank","Nubank",""
"Pão","5.43","0.00","28/02/2026 17:57","11/03/2026","09/03/2026","Nenhuma","0","0","Alimentação","Café Da Manhã","NuBank","Nubank",""
"Pão","2.71","0.00","15/02/2026 14:09","11/03/2026","09/03/2026","Nenhuma","0","0","Alimentação","Café Da Manhã","NuBank","Nubank",""
"Pão","9.50","0.00","24/02/2026 19:38","11/03/2026","09/03/2026","Nenhuma","0","0","Alimentação","Café Da Manhã","NuBank","Nubank",""
"Pão manhã","2.71","0.00","21/02/2026 19:38","11/03/2026","09/03/2026","Nenhuma","0","0","Alimentação","Café Da Manhã","NuBank","Nubank",""
"Remédio dor","44.44","0.00","21/02/2026 00:44","11/03/2026","09/03/2026","Nenhuma","0","0","Saúde","Remédios","NuBank","Nubank",""
"Sombrancelha Isa","80.00","0.00","10/02/2026 14:06","11/03/2026","09/03/2026","Nenhuma","0","0","Beleza","Unha","NuBank","Nubank",""
"Sorvete","37.73","0.00","28/02/2026 17:57","11/03/2026","09/03/2026","Nenhuma","0","0","Eventos","Roupas","NuBank","Nubank",""
"Sorvete MC","30.00","0.00","27/02/2026 19:38","11/03/2026","09/03/2026","Nenhuma","0","0","Alimentação","Sobremesa","NuBank","Nubank",""
"Uber","19.95","0.00","27/02/2026 19:38","11/03/2026","09/03/2026","Nenhuma","0","0","Transporte","Uber","NuBank","Nubank",""
"Uber","12.95","0.00","03/03/2026 06:58","11/03/2026","09/03/2026","Nenhuma","0","0","Transporte","Uber","NuBank","Nubank",""
"Unha Isa","41.47","0.00","24/02/2026 17:55","11/03/2026","09/03/2026","Nenhuma","0","0","Beleza","Unha","NuBank","Nubank",""
"Anuidade","50.00","0.00","02/03/2026 19:51","10/03/2026","09/03/2026","Nenhuma","0","0","Imposto","Outros","Santander","Nubank",""
"App Finanças","13.90","0.00","02/09/2025 22:12","10/03/2026","09/03/2026","Fixa mensal","0","0","Serviços","Assinaturas","Santander","Nubank",""
"Brait","12.58","0.00","03/02/2026 12:31","10/03/2026","09/03/2026","Nenhuma","0","0","Alimentação","Café Da Tarde","Santander","Nubank",""
"Brinco Isa","34.00","0.00","14/02/2026 14:01","10/03/2026","09/03/2026","Nenhuma","0","0","Vestuário","Outros","Santander","Nubank",""
"Cabelo Isa  2/2","75.00","0.00","10/01/2026 17:34","10/03/2026","09/03/2026","Parcelada (mensal)","2","2","Beleza","Cabelo","Santander","Nubank",""
"Condomínio","330.15","0.00","10/06/2024 20:42","10/03/2026","09/03/2026","Fixa mensal","0","0","Moradia","Fixas","-","Nubank",""
"Financiamento AP","710.00","0.00","10/02/2025 23:53","10/03/2026","09/03/2026","Fixa mensal","0","0","Moradia","Financiamento","-","Nubank",""
"Gasolina","41.28","0.00","04/02/2026 19:30","10/03/2026","09/03/2026","Nenhuma","0","0","Carro","Combustível","Santander","Nubank",""
"Isa","10.00","0.00","01/02/2026 19:47","10/03/2026","09/03/2026","Nenhuma","0","0","Alimentação","Café Da Tarde","Santander","Nubank",""
"Kimba","47.00","0.00","13/02/2026 19:48","10/03/2026","09/03/2026","Nenhuma","0","0","Alimentação","Jantar","Santander","Nubank",""
"Luz","177.51","0.00","10/06/2024 20:44","10/03/2026","09/03/2026","Fixa mensal","0","0","Moradia","Fixas","-","Nubank",""
"Não sei","48.18","0.00","01/02/2026 19:54","10/03/2026","09/03/2026","Nenhuma","0","0","Others","Outros","Santander","Nubank",""
"Ovos Crema","29.98","0.00","02/02/2026 22:14","10/03/2026","09/03/2026","Nenhuma","0","0","Mercado","Outros","Santander","Nubank",""
"Pincéis Isa","44.40","0.00","20/02/2026 19:50","10/03/2026","09/03/2026","Nenhuma","0","0","Beleza","Produtos","Santander","Nubank",""
"Presente lê","56.18","0.00","03/02/2026 12:31","10/03/2026","09/03/2026","Nenhuma","0","0","Presente","Diversos","Santander","Nubank",""
"Presente vó","90.00","0.00","28/02/2026 13:08","10/03/2026","09/03/2026","Nenhuma","0","0","Presente","Diversos","Santander","Nubank",""
"Remedio Isa  3/3","46.26","0.00","01/12/2025 20:19","10/03/2026","09/03/2026","Parcelada (mensal)","3","3","Saúde","Remédios","Santander","Nubank",""
"Remedio Isa  2/2","66.39","0.00","05/01/2026 13:47","10/03/2026","09/03/2026","Parcelada (mensal)","2","2","Saúde","Remédios","Santander","Nubank",""
"Sobrancelha Isa","60.00","0.00","14/02/2026 17:15","10/03/2026","09/03/2026","Nenhuma","0","0","Beleza","Outros","Santander","Nubank",""
"Unha Isa","70.00","0.00","10/03/2026 18:00","10/03/2026","10/03/2026","Nenhuma","0","0","Beleza","Unha","-","Nubank",""
"YouTube Premmium","26.90","0.00","20/06/2025 23:45","10/03/2026","09/03/2026","Fixa mensal","0","0","Serviços","Assinaturas","Santander","Nubank",""
"Cities Skylines","11.59","0.00","09/03/2026 19:34","09/03/2026","09/03/2026","Nenhuma","0","0","Lazer","Videogame","-","Nubank",""
"Doação Teatro","300.00","0.00","07/03/2026 20:01","09/03/2026","07/03/2026","Nenhuma","0","0","Igreja","Oferta","-","Nubank",""
"Doce isa","20.00","0.00","09/03/2026 07:03","09/03/2026","09/03/2026","Nenhuma","0","0","Alimentação","Sobremesa","-","Nubank",""
"Estacionamento","3.00","0.00","26/02/2026 20:00","09/03/2026","09/03/2026","Nenhuma","0","0","Carro","Estacionamento","-","Nubank",""
"Fone Haylou S40","207.00","0.00","08/03/2026 20:01","09/03/2026","07/03/2026","Nenhuma","0","0","Tecnologia","Áudio","-","Nubank",""
"Mercado Crema","50.50","0.00","09/03/2026 07:06","09/03/2026","09/03/2026","Nenhuma","0","0","Mercado","Outros","-","Pluxee",""
"Cartão Isa","177.47","0.00","07/11/2024 23:24","08/03/2026","09/03/2026","Fixa mensal","0","0","Cartão Isa","Outros","-","Nubank",""
"Crema carne","402.40","0.00","03/03/2026 07:00","03/03/2026","03/03/2026","Nenhuma","0","0","Mercado","Outros","-","Pluxee",""
"Higa pt. 1","690.94","0.00","02/03/2026 19:25","02/03/2026","02/03/2026","Nenhuma","0","0","Mercado","Outros","-","Pluxee",""
"Higa pt. 2","51.49","0.00","02/03/2026 19:26","02/03/2026","02/03/2026","Nenhuma","0","0","Mercado","Outros","-","Pluxee",""
"Combustível","180.00","0.00","05/05/2025 23:12","01/03/2026","06/03/2026","Fixa mensal","0","0","Carro","Combustível","-","Pluxee",""
"Despesa de ajuste","11.37","0.00","01/03/2026 00:00","01/03/2026","01/03/2026","Nenhuma","0","0","Others","Ajustes","-","Pluxee",""
"Frutas Crema","169.83","0.00","01/03/2026 23:34","01/03/2026","01/03/2026","Nenhuma","0","0","Mercado","Outros","-","Pluxee",""
"Brait","15.46","0.00","25/02/2026 13:07","25/02/2026","25/02/2026","Nenhuma","0","0","Alimentação","Café Da Tarde","-","Pluxee",""
"Financiamento Fiesta  5/48","931.48","0.00","18/11/2025 20:19","25/02/2026","25/02/2026","Parcelada (mensal)","5","48","Carro","Financiamento","-","Nubank",""
"Empréstimo Janeiro  1/4","230.10","0.00","08/01/2026 07:00","23/02/2026","23/02/2026","Parcelada (mensal)","1","4","Outros","Outros","-","Nubank",""
"Internet","119.99","0.00","25/11/2024 18:18","21/02/2026","23/02/2026","Fixa mensal","0","0","Moradia","Fixas","-","Nubank",""
"IPTU","55.64","0.00","10/06/2024 20:46","20/02/2026","-","Fixa mensal","0","0","Moradia","Fixas","-","Nubank",""
"Estacionamento fogo nobre","5.00","0.00","18/02/2026 21:30","18/02/2026","18/02/2026","Nenhuma","0","0","Carro","Estacionamento","-","Nubank",""
"Tim","52.20","0.00","16/08/2024 18:24","16/02/2026","23/02/2026","Fixa mensal","0","0","Serviços","Internet","-","Nubank",""
"Estacionamento","2.00","0.00","14/02/2026 12:12","14/02/2026","14/02/2026","Nenhuma","0","0","Carro","Estacionamento","-","Nubank",""
"Seguro  5/12","274.48","0.00","18/09/2025 20:06","13/02/2026","07/02/2026","Parcelada (mensal)","5","12","Carro","Seguro","NuBank","Nubank",""
"Despesa de ajuste","1.00","0.00","08/02/2026 11:05","12/02/2026","09/02/2026","Nenhuma","0","0","Cartões de crédito","Ajustes","Mercado Pagos","Nubank",""
"Empréstimo Outubro  2/2","660.44","0.00","11/10/2025 18:27","12/02/2026","07/02/2026","Parcelada (mensal)","2","2","Outros","Outros","NuBank","Nubank",""
"Não sei  12/12","22.54","0.00","07/07/2025 13:32","12/02/2026","09/02/2026","Parcelada (mensal)","12","12","Outros","Outros","Mercado Pagos","Nubank",""
"Nível 6 ML","8.90","0.00","04/09/2023 21:46","12/02/2026","09/02/2026","Fixa mensal","0","0","Serviços","Assinaturas","Mercado Pagos","Nubank",""
"Whey","125.70","0.00","16/01/2026 18:59","12/02/2026","09/02/2026","Nenhuma","0","0","Saúde","Outros","Mercado Pagos","Nubank",""
"Tenis Isa Adidas  3/8","21.24","0.00","05/12/2025 18:25","12/02/2026","09/02/2026","Parcelada (mensal)","3","8","Vestuário","Tênis","Mercado Pagos","Nubank",""
"Tenis puma  11/11","22.27","0.00","13/03/2025 18:06","12/02/2026","09/02/2026","Parcelada (mensal)","11","11","Vestuário","Tênis","Mercado Pagos","Nubank",""
"Tênis Isa  3/3","40.12","0.00","11/11/2025 14:11","12/02/2026","09/02/2026","Parcelada (mensal)","3","3","Vestuário","Tênis","Mercado Pagos","Nubank",""
"Tênis Nike  3/8","33.74","0.00","05/12/2025 18:26","12/02/2026","09/02/2026","Parcelada (mensal)","3","8","Vestuário","Tênis","Mercado Pagos","Nubank",""
"Academia Isa","115.00","0.00","05/01/2026 21:01","11/02/2026","07/02/2026","Nenhuma","0","0","Saúde","Academia","NuBank","Nubank",""
"Cabelo","45.00","0.00","31/01/2026 14:28","11/02/2026","07/02/2026","Nenhuma","0","0","Beleza","Cabelo","NuBank","Nubank",""
"China in Box","34.90","0.00","23/01/2026 14:17","11/02/2026","07/02/2026","Nenhuma","0","0","Alimentação","Almoço","NuBank","Nubank",""
"Combustível","55.07","0.00","07/01/2026 19:06","11/02/2026","07/02/2026","Nenhuma","0","0","Carro","Combustível","NuBank","Nubank",""
"Combustível","70.00","0.00","27/01/2026 19:13","11/02/2026","07/02/2026","Nenhuma","0","0","Carro","Combustível","NuBank","Nubank",""
"Crema","79.40","0.00","20/01/2026 21:04","11/02/2026","07/02/2026","Nenhuma","0","0","Mercado","Outros","NuBank","Nubank",""
"Crema pt. 2","225.77","0.00","02/02/2026 22:09","11/02/2026","07/02/2026","Nenhuma","0","0","Mercado","Outros","NuBank","Nubank",""
"Di Madre Niver Ben","150.80","0.00","14/01/2026 21:57","11/02/2026","07/02/2026","Nenhuma","0","0","Alimentação","Jantar","NuBank","Nubank",""
"Entrada Santanas Ranch  1/3","275.57","0.00","12/01/2026 21:53","11/02/2026","07/02/2026","Parcelada (mensal)","1","3","Viagem","Hospedagem","NuBank","Nubank",""
"Estorno de ajuste","-0.01","0.00","08/02/2026 11:05","11/02/2026","07/02/2026","Nenhuma","0","0","Cartões de crédito","Estornos","NuBank","Nubank",""
"Gasolina Aditivada","70.00","0.00","22/01/2026 18:20","11/02/2026","07/02/2026","Nenhuma","0","0","Carro","Combustível","NuBank","Nubank",""
"Mariliam","52.50","0.00","10/01/2026 22:20","11/02/2026","07/02/2026","Nenhuma","0","0","Alimentação","Jantar","NuBank","Nubank",""
"Mercado","99.79","0.00","18/01/2026 16:48","11/02/2026","07/02/2026","Nenhuma","0","0","Mercado","Outros","NuBank","Nubank",""
"Pastel rei do suco","76.50","0.00","25/01/2026 00:01","11/02/2026","07/02/2026","Nenhuma","0","0","Alimentação","Jantar","NuBank","Nubank",""
"Picanha do bob meu niver ","122.92","0.00","31/01/2026 14:28","11/02/2026","07/02/2026","Nenhuma","0","0","Alimentação","Jantar","NuBank","Nubank",""
"Protetor solar + Pós Sol  2/3","56.32","0.00","25/12/2025 16:37","11/02/2026","07/02/2026","Parcelada (mensal)","2","3","Saúde","Outros","NuBank","Nubank",""
"Pão","10.85","0.00","29/01/2026 18:23","11/02/2026","07/02/2026","Nenhuma","0","0","Alimentação","Jantar","NuBank","Nubank",""
"Pão manhã","2.71","0.00","31/01/2026 14:30","11/02/2026","07/02/2026","Nenhuma","0","0","Alimentação","Café Da Manhã","NuBank","Nubank",""
"Remédio Isa","79.72","0.00","19/01/2026 19:10","11/02/2026","07/02/2026","Nenhuma","0","0","Saúde","Remédios","NuBank","Nubank",""
"Sorvete","22.00","0.00","04/01/2026 16:57","11/02/2026","07/02/2026","Nenhuma","0","0","Alimentação","Sobremesa","NuBank","Nubank",""
"Sorvete MC","11.00","0.00","18/01/2026 16:48","11/02/2026","07/02/2026","Nenhuma","0","0","Alimentação","Sobremesa","NuBank","Nubank",""
"Uber Isa","7.14","0.00","19/01/2026 14:17","11/02/2026","07/02/2026","Nenhuma","0","0","Transporte","Uber","NuBank","Nubank",""
"Uber Isa","13.26","0.00","08/01/2026 12:15","11/02/2026","07/02/2026","Nenhuma","0","0","Transporte","Uber","NuBank","Nubank",""
"Uber isa","6.59","0.00","02/02/2026 22:10","11/02/2026","07/02/2026","Nenhuma","0","0","Transporte","Uber","NuBank","Nubank",""
"Unha Isa","70.00","0.00","11/02/2026 17:38","11/02/2026","11/02/2026","Nenhuma","0","0","Beleza","Unha","-","Nubank",""
"Presente João + Roupas minhas  3/3","26.63","0.00","28/11/2025 12:21","11/02/2026","07/02/2026","Parcelada (mensal)","3","3","Presente","Outros","NuBank","Nubank",""
"Presente João + Roupas minhas  3/3","61.69","0.00","28/11/2025 12:21","11/02/2026","07/02/2026","Parcelada (mensal)","3","3","Vestuário","Blusas","NuBank","Nubank",""
"Almoço Isa","39.50","0.00","13/01/2026 17:12","10/02/2026","07/02/2026","Nenhuma","0","0","Alimentação","Almoço","Santander","Nubank",""
"Almoço Isa","20.79","0.00","23/01/2026 16:35","10/02/2026","07/02/2026","Nenhuma","0","0","Alimentação","Almoço","Santander","Nubank",""
"Almoço Isa ","25.09","0.00","10/01/2026 18:47","10/02/2026","07/02/2026","Nenhuma","0","0","Alimentação","Jantar","Santander","Nubank",""
"Anuidade","50.00","0.00","07/02/2026 18:53","10/02/2026","07/02/2026","Nenhuma","0","0","Imposto","Outros","Santander","Nubank",""
"App Finanças","13.90","0.00","02/09/2025 22:12","10/02/2026","07/02/2026","Fixa mensal","0","0","Serviços","Assinaturas","Santander","Nubank",""
"Cabelo Isa  1/2","75.00","0.00","10/01/2026 17:34","10/02/2026","07/02/2026","Parcelada (mensal)","1","2","Beleza","Cabelo","Santander","Nubank",""
"Combustível","63.20","0.00","03/01/2026 12:30","10/02/2026","07/02/2026","Nenhuma","0","0","Carro","Combustível","Santander","Nubank",""
"Condomínio","334.56","0.00","10/06/2024 20:42","10/02/2026","20/02/2026","Fixa mensal","0","0","Moradia","Fixas","-","Nubank",""
"Crema pt. 2","134.19","0.00","02/01/2026 22:08","10/02/2026","07/02/2026","Nenhuma","0","0","Mercado","Outros","Santander","Nubank",""
"Financiamento AP","713.00","0.00","10/02/2025 23:53","10/02/2026","11/02/2026","Fixa mensal","0","0","Moradia","Financiamento","-","Nubank",""
"Hoto dog hot dog","81.00","0.00","03/01/2026 16:32","10/02/2026","07/02/2026","Nenhuma","0","0","Alimentação","Jantar","Santander","Nubank",""
"Luz","164.50","0.00","10/06/2024 20:44","10/02/2026","12/02/2026","Fixa mensal","0","0","Moradia","Fixas","-","Nubank",""
"Milk shake","24.00","0.00","03/01/2026 16:34","10/02/2026","07/02/2026","Nenhuma","0","0","Alimentação","Sobremesa","Santander","Nubank",""
"Não sei","28.00","0.00","25/01/2026 16:36","10/02/2026","07/02/2026","Nenhuma","0","0","Outros","Outros","Santander","Nubank",""
"Remedio Isa  2/3","46.26","0.00","01/12/2025 20:19","10/02/2026","07/02/2026","Parcelada (mensal)","2","3","Saúde","Remédios","Santander","Nubank",""
"Remedio Isa  1/2","66.39","0.00","05/01/2026 13:47","10/02/2026","07/02/2026","Parcelada (mensal)","1","2","Saúde","Remédios","Santander","Nubank",""
"YouTube Premmium","26.90","0.00","20/06/2025 23:45","10/02/2026","07/02/2026","Fixa mensal","0","0","Serviços","Assinaturas","Santander","Nubank",""
"Cartão Isa","147.89","0.00","07/11/2024 23:24","08/02/2026","06/02/2026","Fixa mensal","0","0","Cartão Isa","Outros","-","Nubank",""
"Camisa Fearless","90.00","0.00","07/02/2026 18:44","07/02/2026","07/02/2026","Nenhuma","0","0","Vestuário","Blusas","-","Nubank",""
"Despesa de ajuste","42.18","0.00","07/02/2026 00:00","07/02/2026","07/02/2026","Nenhuma","0","0","Outros","Ajustes","-","Nubank",""
"Salgado tarde","10.00","0.00","06/02/2026 15:10","06/02/2026","06/02/2026","Nenhuma","0","0","Alimentação","Café Da Tarde","-","Nubank",""
"Crema pt. 1","390.48","0.00","02/02/2026 22:06","02/02/2026","02/02/2026","Nenhuma","0","0","Mercado","Outros","-","Pluxee",""
"Higa pt. 2","219.35","0.00","02/02/2026 22:03","02/02/2026","02/02/2026","Nenhuma","0","0","Mercado","Outros","-","Pluxee",""
"Higa pt.1","510.00","0.00","02/02/2026 22:03","02/02/2026","02/02/2026","Nenhuma","0","0","Mercado","Outros","-","Pluxee",""
"Combustível","180.00","0.00","05/05/2025 23:12","01/02/2026","04/02/2026","Fixa mensal","0","0","Carro","Combustível","-","Pluxee",""
"Vip Sushi","50.17","0.00","01/02/2026 21:19","01/02/2026","01/02/2026","Nenhuma","0","0","Alimentação","Jantar","-","Pluxee",""
"Fred","58.00","0.00","29/01/2026 18:24","29/01/2026","29/01/2026","Nenhuma","0","0","Presente","Diversos","-","Nubank",""
"Unha Isa","70.00","0.00","28/01/2026 17:52","28/01/2026","28/01/2026","Nenhuma","0","0","Beleza","Unha","-","Nubank",""
"Financiamento Fiesta  4/48","928.52","0.00","18/11/2025 20:19","25/01/2026","20/01/2026","Parcelada (mensal)","4","48","Carro","Financiamento","-","Nubank",""
"Lanche MacDoo","40.00","0.00","23/01/2026 22:09","23/01/2026","23/01/2026","Nenhuma","0","0","Alimentação","Jantar","-","Nubank",""
"Internet","119.99","0.00","25/11/2024 18:18","21/01/2026","20/01/2026","Fixa mensal","0","0","Moradia","Fixas","-","Nubank",""
"Crema","40.39","0.00","20/01/2026 21:02","20/01/2026","20/01/2026","Nenhuma","0","0","Mercado","Outros","-","Pluxee",""
"IPTU","55.64","0.00","10/06/2024 20:46","20/01/2026","20/01/2026","Fixa mensal","0","0","Moradia","Fixas","-","Nubank",""
"Notebook  8/8","300.00","0.00","07/06/2025 10:05","20/01/2026","20/01/2026","Parcelada (mensal)","8","8","Tecnologia","Notebook","-","Nubank",""
"Pão da Tarde","5.80","0.00","16/01/2026 16:22","16/01/2026","16/01/2026","Nenhuma","0","0","Alimentação","Café Da Tarde","-","Nubank",""
"Tim","52.18","0.00","16/08/2024 18:24","16/01/2026","20/01/2026","Fixa mensal","0","0","Serviços","Internet","-","Nubank",""
"Almoço Isa","10.00","0.00","15/01/2026 07:50","15/01/2026","15/01/2026","Nenhuma","0","0","Alimentação","Almoço","-","Nubank",""
"Estacionamento","3.00","0.00","15/01/2026 07:51","15/01/2026","15/01/2026","Nenhuma","0","0","Carro","Estacionamento","-","Nubank",""
"Pão Crema","21.56","0.00","13/01/2026 19:41","13/01/2026","13/01/2026","Nenhuma","0","0","Mercado","Outros","-","Pluxee",""
"Seguro  4/12","274.48","0.00","18/09/2025 20:06","13/01/2026","07/01/2026","Parcelada (mensal)","4","12","Carro","Seguro","NuBank","Nubank",""
"Ameripan","78.21","0.00","08/12/2025 19:09","12/01/2026","07/01/2026","Nenhuma","0","0","Alimentação","Jantar","Santander","Nubank",""
"Açaí","18.00","0.00","27/12/2025 18:44","12/01/2026","07/01/2026","Nenhuma","0","0","Alimentação","Sobremesa","NuBank","Nubank",""
"Café da manhã","11.31","0.00","20/12/2025 18:42","12/01/2026","07/01/2026","Nenhuma","0","0","Alimentação","Jantar","NuBank","Nubank",""
"Camisa Praia","70.00","0.00","26/12/2025 14:27","12/01/2026","07/01/2026","Nenhuma","0","0","Vestuário","Blusas","NuBank","Nubank",""
"Carne Almoço","79.58","0.00","20/12/2025 18:42","12/01/2026","07/01/2026","Nenhuma","0","0","Alimentação","Jantar","NuBank","Nubank",""
"Carvão e Gelo","59.50","0.00","20/12/2025 18:42","12/01/2026","07/01/2026","Nenhuma","0","0","Alimentação","Jantar","NuBank","Nubank",""
"Climatizador  12/12","46.13","0.00","03/02/2025 19:34","12/01/2026","07/01/2026","Parcelada (mensal)","12","12","Moradia","Equipamentos","Mercado Pagos","Nubank",""
"Combustível","153.59","0.00","24/12/2025 14:27","12/01/2026","07/01/2026","Nenhuma","0","0","Carro","Combustível","NuBank","Nubank",""
"Combustível","114.95","0.00","28/12/2025 18:44","12/01/2026","07/01/2026","Nenhuma","0","0","Carro","Combustível","NuBank","Nubank",""
"Comida com certeza","20.00","0.00","26/12/2025 18:42","12/01/2026","07/01/2026","Nenhuma","0","0","Alimentação","Almoço","NuBank","Nubank",""
"Comida com certeza","40.00","0.00","27/12/2025 18:43","12/01/2026","07/01/2026","Nenhuma","0","0","Alimentação","Almoço","NuBank","Nubank",""
"Confeitaria","56.50","0.00","19/12/2025 19:02","12/01/2026","07/01/2026","Nenhuma","0","0","Alimentação","Jantar","Santander","Nubank",""
"Empréstimo Outubro  1/2","660.44","0.00","11/10/2025 18:27","12/01/2026","07/01/2026","Parcelada (mensal)","1","2","Outros","Outros","NuBank","Nubank",""
"Espetinho Praia","20.00","0.00","27/12/2025 18:44","12/01/2026","07/01/2026","Nenhuma","0","0","Alimentação","Almoço","NuBank","Nubank",""
"Espetinho almoço","20.00","0.00","27/12/2025 18:44","12/01/2026","07/01/2026","Nenhuma","0","0","Alimentação","Almoço","NuBank","Nubank",""
"Fazenda","75.79","0.00","21/12/2025 18:41","12/01/2026","07/01/2026","Nenhuma","0","0","Alimentação","Jantar","NuBank","Nubank",""
"Mercado Praia","16.96","0.00","26/12/2025 18:50","12/01/2026","07/01/2026","Nenhuma","0","0","Mercado","Outros","Mercado Pagos","Nubank",""
"Mercado Praia","47.40","0.00","26/12/2025 18:50","12/01/2026","07/01/2026","Nenhuma","0","0","Mercado","Outros","Mercado Pagos","Nubank",""
"Mercado Viagem","16.96","0.00","27/12/2025 18:44","12/01/2026","07/01/2026","Nenhuma","0","0","Mercado","Outros","NuBank","Nubank",""
"Não sei  11/12","22.54","0.00","07/07/2025 13:32","12/01/2026","07/01/2026","Parcelada (mensal)","11","12","Outros","Outros","Mercado Pagos","Nubank",""
"Nível 6 ML","8.90","0.00","04/09/2023 21:46","12/01/2026","07/01/2026","Fixa mensal","0","0","Serviços","Assinaturas","Mercado Pagos","Nubank",""
"Pastel praia","44.00","0.00","25/12/2025 14:27","12/01/2026","07/01/2026","Nenhuma","0","0","Alimentação","Almoço","NuBank","Nubank",""
"Pedágio Ida Praia","74.80","0.00","24/12/2025 14:27","12/01/2026","07/01/2026","Nenhuma","0","0","Carro","Outros","NuBank","Nubank",""
"Pedágio Volta","62.50","0.00","28/12/2025 18:44","12/01/2026","07/01/2026","Nenhuma","0","0","Carro","Outros","NuBank","Nubank",""
"Pizzaria caraguatatuba","99.25","0.00","26/12/2025 18:44","12/01/2026","07/01/2026","Nenhuma","0","0","Alimentação","Jantar","NuBank","Nubank",""
"Quiosque Almoço","24.00","0.00","27/12/2025 18:44","12/01/2026","07/01/2026","Nenhuma","0","0","Alimentação","Almoço","NuBank","Nubank",""
"Remédio Isa","47.99","0.00","05/12/2025 18:15","12/01/2026","07/01/2026","Nenhuma","0","0","Saúde","Remédios","Santander","Nubank",""
"Remédio Isa","53.90","0.00","05/12/2025 18:14","12/01/2026","07/01/2026","Nenhuma","0","0","Saúde","Remédios","Santander","Nubank",""
"Tenis puma  10/11","22.27","0.00","13/03/2025 18:06","12/01/2026","07/01/2026","Parcelada (mensal)","10","11","Vestuário","Tênis","Mercado Pagos","Nubank",""
"Tênis Isa  2/3","40.13","0.00","11/11/2025 14:11","12/01/2026","07/01/2026","Parcelada (mensal)","2","3","Vestuário","Tênis","Mercado Pagos","Nubank",""
"Uber Isa","8.94","0.00","24/12/2025 18:27","12/01/2026","07/01/2026","Nenhuma","0","0","Transporte","Uber","NuBank","Nubank",""
"Camisetas Hering  2/2","50.00","0.00","05/12/2025 18:24","12/01/2026","07/01/2026","Parcelada (mensal)","2","2","Vestuário","Blusas","Mercado Pagos","Nubank",""
"Tenis Isa Adidas  2/8","21.31","0.00","05/12/2025 18:25","12/01/2026","07/01/2026","Parcelada (mensal)","2","8","Vestuário","Tênis","Mercado Pagos","Nubank",""
"Tênis Nike  2/8","33.81","0.00","05/12/2025 18:26","12/01/2026","07/01/2026","Parcelada (mensal)","2","8","Vestuário","Tênis","Mercado Pagos","Nubank",""
"Almoço","21.79","0.00","12/12/2025 15:13","11/01/2026","07/01/2026","Nenhuma","0","0","Alimentação","Almoço","NuBank","Nubank",""
"Almoço Maryara","33.88","0.00","05/12/2025 17:53","11/01/2026","07/01/2026","Nenhuma","0","0","Alimentação","Almoço","NuBank","Nubank",""
"Almoço domingo","64.00","0.00","07/12/2025 19:05","11/01/2026","07/01/2026","Nenhuma","0","0","Alimentação","Almoço","NuBank","Nubank",""
"Brait","6.10","0.00","30/12/2025 13:38","11/01/2026","07/01/2026","Nenhuma","0","0","Alimentação","Café Da Tarde","NuBank","Nubank",""
"Brinco Isa","22.00","0.00","10/12/2025 21:59","11/01/2026","07/01/2026","Nenhuma","0","0","Vestuário","Outros","NuBank","Nubank",""
"C&A","74.33","0.00","08/12/2025 19:28","11/01/2026","07/01/2026","Nenhuma","0","0","Vestuário","Blusas","NuBank","Nubank",""
"Cabelo","45.00","0.00","10/12/2025 21:51","11/01/2026","07/01/2026","Nenhuma","0","0","Beleza","Cabelo","NuBank","Nubank",""
"Cabelo","45.00","0.00","30/12/2025 18:12","11/01/2026","07/01/2026","Nenhuma","0","0","Beleza","Cabelo","NuBank","Nubank",""
"Combustível","112.71","0.00","08/12/2025 17:43","11/01/2026","07/01/2026","Nenhuma","0","0","Carro","Combustível","NuBank","Nubank",""
"Estacionamento shopping","10.00","0.00","06/12/2025 07:48","11/01/2026","07/01/2026","Nenhuma","0","0","Carro","Estacionamento","NuBank","Nubank",""
"Estorno de ajuste","-44.61","0.00","29/12/2025 18:13","11/01/2026","07/01/2026","Nenhuma","0","0","Cartões de crédito","Estornos","NuBank","Nubank",""
"Fatura Mercado Pago","315.42","0.00","08/12/2025 19:26","11/01/2026","07/01/2026","Nenhuma","0","0","Outros","Outros","NuBank","Nubank",""
"General","56.71","0.00","13/12/2025 22:39","11/01/2026","07/01/2026","Nenhuma","0","0","Alimentação","Jantar","NuBank","Nubank",""
"Geo Cosméticos","144.91","0.00","10/12/2025 21:52","11/01/2026","07/01/2026","Nenhuma","0","0","Beleza","Produtos","NuBank","Nubank",""
"Gympass","59.90","0.00","07/08/2025 13:43","11/01/2026","07/01/2026","Fixa mensal","0","0","Saúde","Academia","NuBank","Nubank",""
"Mariliam","51.00","0.00","07/12/2025 07:42","11/01/2026","07/01/2026","Nenhuma","0","0","Alimentação","Jantar","NuBank","Nubank",""
"Milho","30.00","0.00","14/12/2025 23:10","11/01/2026","07/01/2026","Nenhuma","0","0","Alimentação","Jantar","NuBank","Nubank",""
"Pagamento antecipado","-1050.19","0.00","22/12/2025 00:00","11/01/2026","07/01/2026","Nenhuma","0","0","Cartões de crédito","Adiantamento fatura","NuBank","Nubank",""
"Parcelamento Agosto  3/3","371.31","0.00","08/08/2025 00:13","11/01/2026","07/01/2026","Parcelada (mensal)","3","3","Outros","Outros","NuBank","Nubank",""
"Pastel","55.40","0.00","11/12/2025 23:54","11/01/2026","07/01/2026","Nenhuma","0","0","Alimentação","Jantar","NuBank","Nubank",""
"Pedágio","-24.20","0.00","17/12/2025 06:50","11/01/2026","07/01/2026","Nenhuma","0","0","Cartões de crédito","Estornos","NuBank","Nubank",""
"Pedágio volta mas com valor dobrado","24.20","0.00","14/12/2025 23:10","11/01/2026","07/01/2026","Nenhuma","0","0","Carro","Outros","NuBank","Nubank",""
"Pedágios","12.10","0.00","14/12/2025 19:35","11/01/2026","07/01/2026","Nenhuma","0","0","Carro","Outros","NuBank","Nubank",""
"Presente João + Roupas minhas  2/3","26.63","0.00","28/11/2025 12:21","11/01/2026","07/01/2026","Parcelada (mensal)","2","3","Presente","Outros","NuBank","Nubank",""
"Presente João + Roupas minhas  2/3","61.69","0.00","28/11/2025 12:21","11/01/2026","07/01/2026","Parcelada (mensal)","2","3","Vestuário","Blusas","NuBank","Nubank",""
"Presente Larissa","43.98","0.00","06/12/2025 09:49","11/01/2026","07/01/2026","Nenhuma","0","0","Presente","Diversos","NuBank","Nubank",""
"Presente Larissa + body splash Isa","37.90","0.00","06/12/2025 09:57","11/01/2026","07/01/2026","Nenhuma","0","0","Presente","Outros","NuBank","Nubank",""
"Presente Larissa + body splash Isa","37.90","0.00","06/12/2025 09:57","11/01/2026","07/01/2026","Nenhuma","0","0","Beleza","Produtos","NuBank","Nubank",""
"Presente Lavínia","39.99","0.00","10/12/2025 21:58","11/01/2026","07/01/2026","Nenhuma","0","0","Presente","Diversos","NuBank","Nubank",""
"Presente Lavínia","59.80","0.00","06/12/2025 09:59","11/01/2026","07/01/2026","Nenhuma","0","0","Presente","Diversos","NuBank","Nubank",""
"Protetor solar + Pós Sol  1/3","56.32","0.00","25/12/2025 16:37","11/01/2026","07/01/2026","Parcelada (mensal)","1","3","Saúde","Outros","NuBank","Nubank",""
"Pão","5.43","0.00","14/12/2025 10:04","11/01/2026","07/01/2026","Nenhuma","0","0","Alimentação","Café Da Manhã","NuBank","Nubank",""
"Pão e energético churrasco","26.58","0.00","21/12/2025 13:58","11/01/2026","07/01/2026","Nenhuma","0","0","Alimentação","Almoço","NuBank","Nubank",""
"Pão manhã","2.71","0.00","13/12/2025 14:28","11/01/2026","07/01/2026","Nenhuma","0","0","Alimentação","Café Da Manhã","NuBank","Nubank",""
"Relógios  3/3","101.60","0.00","26/10/2025 23:40","11/01/2026","07/01/2026","Parcelada (mensal)","3","3","Vestuário","Outros","NuBank","Nubank",""
"Seguro  10/10","171.18","0.00","20/03/2025 22:00","11/01/2026","07/01/2026","Parcelada (mensal)","10","10","Carro","Seguro","NuBank","Nubank",""
"Sorvete","20.85","0.00","12/12/2025 22:20","11/01/2026","07/01/2026","Nenhuma","0","0","Alimentação","Sobremesa","NuBank","Nubank",""
"App Finanças","13.90","0.00","02/09/2025 22:12","10/01/2026","07/01/2026","Fixa mensal","0","0","Serviços","Assinaturas","Santander","Nubank",""
"Café da manhã","62.50","0.00","30/11/2025 12:59","10/01/2026","07/01/2026","Nenhuma","0","0","Alimentação","Café Da Manhã","Santander","Nubank",""
"Condomínio","381.84","0.00","10/06/2024 20:42","10/01/2026","08/01/2026","Fixa mensal","0","0","Moradia","Fixas","-","Nubank",""
"Estorno de ajuste","-0.08","0.00","07/01/2026 17:43","10/01/2026","07/01/2026","Nenhuma","0","0","Cartões de crédito","Estornos","Santander","Nubank",""
"Financiamento AP","715.00","0.00","10/02/2025 23:53","10/01/2026","07/01/2026","Fixa mensal","0","0","Moradia","Financiamento","-","Nubank",""
"Luz","165.80","0.00","10/06/2024 20:44","10/01/2026","08/01/2026","Fixa mensal","0","0","Moradia","Fixas","-","Nubank",""
"Pizza","30.00","0.00","30/11/2025 20:02","10/01/2026","07/01/2026","Nenhuma","0","0","Alimentação","Jantar","Santander","Nubank",""
"Pneu e suspensão Ka  12/12","129.39","0.00","04/12/2024 19:54","10/01/2026","07/01/2026","Parcelada (mensal)","12","12","Carro","Manutenção","Santander","Nubank",""
"Remedio Isa  1/3","46.26","0.00","01/12/2025 20:19","10/01/2026","07/01/2026","Parcelada (mensal)","1","3","Saúde","Remédios","Santander","Nubank",""
"Sombrancelha Isa","60.00","0.00","13/12/2025 22:38","10/01/2026","07/01/2026","Nenhuma","0","0","Beleza","Unha","Santander","Nubank",""
"YouTube Premmium","26.90","0.00","20/06/2025 23:45","10/01/2026","07/01/2026","Fixa mensal","0","0","Serviços","Assinaturas","Santander","Nubank",""
"Água Cheirin Bão","4.50","0.00","07/12/2025 19:05","10/01/2026","07/01/2026","Nenhuma","0","0","Alimentação","Bebidas","Santander","Nubank",""
"Cartão Isa","201.09","0.00","07/11/2024 23:24","08/01/2026","07/01/2026","Fixa mensal","0","0","Cartão Isa","Outros","-","Nubank",""
"Despesa de ajuste","0.94","0.00","08/01/2026 00:00","08/01/2026","08/01/2026","Nenhuma","0","0","Outros","Ajustes","-","Pluxee",""
"Despesa de ajuste","1.65","0.00","08/01/2026 00:00","08/01/2026","08/01/2026","Nenhuma","0","0","Outros","Ajustes","-","Nubank",""
"Presente C&A","34.99","0.00","08/01/2026 13:23","08/01/2026","08/01/2026","Nenhuma","0","0","Presente","Diversos","-","Nubank",""
"Carta Sindpd","19.95","0.00","07/01/2026 15:51","07/01/2026","07/01/2026","Nenhuma","0","0","Imposto","Outros","-","Nubank",""
"Produto Isa","62.40","0.00","07/01/2026 17:21","07/01/2026","07/01/2026","Nenhuma","0","0","Beleza","Produtos","-","Nubank",""
"Crema Papel Alumínio","11.57","0.00","04/01/2026 21:43","04/01/2026","04/01/2026","Nenhuma","0","0","Mercado","Outros","-","Nubank",""
"Crema pt. 1","399.00","0.00","02/01/2026 22:05","02/01/2026","02/01/2026","Nenhuma","0","0","Mercado","Outros","-","Pluxee",""
"Higa","598.05","0.00","02/01/2026 22:02","02/01/2026","02/01/2026","Nenhuma","0","0","Mercado","Outros","-","Pluxee",""
"Carne ano novo","200.06","0.00","02/01/2026 22:00","01/01/2026","01/01/2026","Nenhuma","0","0","Alimentação","Jantar","-","Pluxee",""
"Combustível","180.00","0.00","05/05/2025 23:12","01/01/2026","03/01/2026","Fixa mensal","0","0","Carro","Combustível","-","Pluxee",""
